,offer_id,offer_type,adv_id,contractCode,kunlun_code,supid,traffic,country,created,type,adv_currency,revenue,t1,t2,outcome_dollar,cost,t3,t4
0,vse,OFLX_GA,SD2022062653,CS2022055646,,,,IN,20230202000000,JSXMLX_1,USD,1447800,0,0,,0,0,0
1,pdw,OFLX_GA,S0223,CS2021081831,G103678,YMCS201809008,,TW,20230202000000,JSXMLX_1,USD,21600,0,0,USD,65,0,0
2,sed,OFLX_GA,SD2022083252,CS2022087145,,,,RU,20230202000000,JSXMLX_1,USD,160000,0,0,,0,0,0
3,cec,OFLX_GA,SD202109830,CS2021092134,,,,US,20230202000000,JSXMLX_1,USD,3332000,0,0,,0,0,0
4,adc,OFLX_GA,SD2022031939,CS2022024415,,,,MX,20230202000000,JSXMLX_1,USD,0,0,0,,0,0,0
5,adb,OFLX_GA,SD2022052486,CS2022055464,,,,KR,20230202000000,JSXMLX_1,USD,7000,0,0,,0,0,0
6,acb,OFLX_GA,SD2022082998,CS2022076660,,,,KR,20230202000000,JSXMLX_1,USD,33000,0,0,,0,0,0
7,mvt2,OFLX_GA,S0054,CS2022087122,112114,PCS2020070001,,BR,20230202000000,JSXMLX_1,USD,77500,0,0,USD,1400,0,0
8,tic,OFLX_GA,SD2022082989,CS2022086909,,,,ID,20230202000000,JSXMLX_1,USD,296400,0,0,,0,0,0
9,inm,OFLX_GA,S0238,CS2022118352,,,,SA,20230202000000,JSXMLX_1,USD,40000,0,0,,0,0,0
11,rcm,OFLX_GA,S0095,CS2022045182,,,,KR,20230202000000,JSXMLX_1,USD,4000,0,0,,0,0,0
12,mpa,OFLX_GA,SD2022062528,CS2022055462,,,,AU,20230202000000,JSXMLX_1,USD,3000,0,0,,0,0,0
13,jsd,OFLX_GA,S0239,CS2021092333,,,,TH,20230202000000,JSXMLX_1,USD,0,0,0,,0,0,0
14,mpa,OFLX_GA,SD2022062528,CS2022055462,109309,PCL20210108875,,PH,20230202000000,JSXMLX_1,USD,1000,0,0,USD,0,0,0
15,fom,OFLX_GA,SD2022062720,CS2022066024,,,,IN,20230202000000,JSXMLX_1,USD,70000,0,0,,0,0,0
16,mpa,OFLX_GA,SD2022062528,CS2022055462,112114,PCS2020070001,,DE,20230202000000,JSXMLX_1,USD,3000,0,0,USD,0,0,0
17,mpo2,OFLX_GA,S0129,CS2021050426,,,,ID,20230202000000,JSXMLX_1,USD,217700,0,0,,0,0,0
18,nbd3,OFLX_GA,S0222,CS2021081952,,,,KR,20230202000000,JSXMLX_1,USD,70000,0,0,,0,0,0
19,aen,OFLX_GA,S0233,CS2021081982,112380,PCL20210109713,,IN,20230202000000,JSXMLX_1,USD,0,0,0,USD,100200,0,0
20,gxm,OFLX_GA,S0270,CS2022024288,G105214,PGZ2020070007,,IN,20230202000000,JSXMLX_1,USD,1200,0,0,CNY,200200,0,0
21,fgm,OFLX_GA,SD2022093377,CS2022097376,,,,TW,20230202000000,JSXMLX_1,USD,90000,0,0,,0,0,0
22,axp,OFLX_GA,SD2022062630,CS2022065883,,,,IN,20230202000000,JSXMLX_1,USD,420000,0,0,,0,0,0
23,max,OFLX_GA,SD2022062541,CS2022055469,,,,IT,20230202000000,JSXMLX_1,USD,12000,0,0,,0,0,0
24,mpa,OFLX_GA,SD2022062528,CS2022055462,,,,ES,20230202000000,JSXMLX_1,USD,31000,0,0,,0,0,0
25,mov,OFLX_GA,SD2022083006,CS2022076667,,,,SA,20230202000000,JSXMLX_1,USD,739000,0,0,,0,0,0
26,fgm,OFLX_GA,SD2022093377,CS2022097376,219,PCL20210108596,,RU,20230202000000,JSXMLX_1,USD,0,0,0,USD,10320,0,0
27,fom,OFLX_GA,SD2022062720,CS2022066024,,,,TH,20230202000000,JSXMLX_1,USD,0,0,0,,0,0,0
28,fgm,OFLX_GA,SD2022093377,CS2022097376,,,,IN,20230202000000,JSXMLX_1,USD,212000,0,0,,0,0,0
29,mlt,OFLX_GA,S0084,CS2021112974,219,PCL20210108596,,US,20230202000000,JSXMLX_1,USD,7000,0,0,USD,15450,0,0
30,mvt2,OFLX_GA,S0054,CS2022087122,G103172,YMCS201709026,,TH,20230202000000,JSXMLX_1,USD,1700,0,0,USD,200,0,0
31,ntm,OFLX_GA,SD2022083249,CS2022086926,219,PCL20210108596,,IN,20230202000000,JSXMLX_1,USD,26000,0,0,USD,61440,0,0
32,adb,OFLX_GA,SD2022052486,CS2022055464,219,PCL20210108596,,TR,20230202000000,JSXMLX_1,USD,70000,0,0,USD,31080,0,0
33,gem,OFLX_GA,SD2022032070,CS2022024328,,,,IN,20230202000000,JSXMLX_1,USD,6800,0,0,,0,0,0
34,oni,OFLX_GA,SD2022083192,CS2022086816,112380,PCL20210109713,,IN,20230202000000,JSXMLX_1,USD,1700,0,0,USD,65000,0,0
35,pro,OFLX_GA,SD2022062534,CS2022055460,,,,KR,20230202000000,JSXMLX_1,USD,72030,0,0,,0,0,0
36,tve,OFLX_GA,SD2022062643,CS2022055638,,,,IN,20230202000000,JSXMLX_1,USD,1509000,0,0,,0,0,0
37,fil,OFLX_GA,YH202109907,GZ2021092407,,,,US,20230202000000,JSXMLX_1,USD,2288000,0,0,,0,0,0
38,mpa,OFLX_GA,SD2022062528,CS2022055462,G105214,PGZ2020070007,,PH,20230202000000,JSXMLX_1,USD,1000,0,0,CNY,8125,0,0
39,phm2,OFLX_GA,S0199,CS2022045048,G103618,YMCS201809005,,ZA,20230202000000,JSXMLX_1,USD,40500,0,0,USD,0,0,0
40,laz,OFLX_GA,SD202107443,CS2022128804,nan,,,TH,20230202000000,JSXMLX_1,USD,0,0,0,,0,0,0
41,vea,OFLX_GA,SD2022083000,LCS2022076631,,,,IN,20230202000000,JSXMLX_1,USD,353600,0,0,,0,0,0
42,mlt,OFLX_GA,S0084,CS2021112974,,,,PH,20230202000000,JSXMLX_1,USD,170000,0,0,,0,0,0
43,cam,OFLX_GA,S0103,CS2022076323,219,PCL20210108596,,PH,20230202000000,JSXMLX_1,USD,186300,0,0,USD,162480,0,0
44,flx,OFLX_GA,S0176,CS2021050423,,,,ID,20230202000000,JSXMLX_1,USD,8840,0,0,,0,0,0
45,mar,OFLX_GA,SD2021121352,CS2021113033,,,,AU,20230202000000,JSXMLX_1,USD,0,0,0,,0,0,0
46,cec,OFLX_GA,SD202109830,CS2021092134,112380,PCL20210109713,,VN,20230202000000,JSXMLX_1,USD,377500,0,0,USD,45300,0,0
47,tur,OFLX_GA,SD2022031928,CS2022024344,,,,ID,20230202000000,JSXMLX_1,USD,41700,0,0,,0,0,0
48,fil,OFLX_GA,YH202109907,GZ2021092407,219,PCL20210108596,,VN,20230202000000,JSXMLX_1,USD,4400,0,0,USD,18810,0,0
49,mvt2,OFLX_GA,S0054,CS2022087122,,,,MX,20230202000000,JSXMLX_1,USD,263000,0,0,,0,0,0
50,lit,OFLX_GA,SD202109889,CS2021092054,,,,TR,20230202000000,JSXMLX_1,USD,192000,0,0,,0,0,0
51,mlt,OFLX_GA,S0084,CS2021112974,,,,BR,20230202000000,JSXMLX_1,USD,38400,0,0,,0,0,0
52,laz,OFLX_GA,SD202107443,CS2022128804,nan,,,SG,20230202000000,JSXMLX_1,USD,0,0,0,,0,0,0
53,fgm,OFLX_GA,SD2022093377,CS2022097376,,,,GB,20230202000000,JSXMLX_1,USD,500000,0,0,,0,0,0
54,mlt,OFLX_GA,S0084,CS2021112974,,,,AU,20230202000000,JSXMLX_1,USD,0,0,0,,0,0,0
55,mpa,OFLX_GA,SD2022062528,CS2022055462,G105025,,,KR,20230202000000,JSXMLX_1,USD,164500,0,0,,129057,0,0
56,mvt2,OFLX_GA,S0054,CS2022087122,,,,PH,20230202000000,JSXMLX_1,USD,34400,0,0,,0,0,0
57,dom,OFLX_GA,S0278,CS2022024176,,,,GB,20230202000000,JSXMLX_1,USD,2160000,0,0,,0,0,0
58,okx,OFLX_GA,SD2022083240,CS2022086971,,,,HK,20230202000000,JSXMLX_1,USD,3300000,0,0,,0,0,0
59,gxm,OFLX_GA,S0270,CS2022024288,G103111,YMCS201710003,,RU,20230202000000,JSXMLX_1,USD,3000,0,0,USD,0,0,0
60,mld,OFLX_GA,S0186,CS2021081740,219,PCL20210108596,,DE,20230202000000,JSXMLX_1,USD,10000,0,0,USD,30810,0,0
61,occ1,OFLX_GA,S0259,CS2021123160,,,,KR,20230202000000,JSXMLX_1,USD,30000,0,0,,0,0,0
62,mpa,OFLX_GA,SD2022062528,CS2022055462,,,,MX,20230202000000,JSXMLX_1,USD,1500,0,0,,0,0,0
63,max,OFLX_GA,SD2022062541,CS2022055469,,,,KR,20230202000000,JSXMLX_1,USD,8000,0,0,,0,0,0
64,mel2,OFLX_GA,S0186,CS2021081740,G104636,YMCS201909004,,TW,20230202000000,JSXMLX_1,USD,15120,0,0,USD,0,0,0
65,pdw,OFLX_GA,S0223,CS2021081831,,,,KR,20230202000000,JSXMLX_1,USD,16660,0,0,,0,0,0
66,mpa,OFLX_GA,SD2022062528,CS2022055462,112114,PCS2020070001,,BR,20230202000000,JSXMLX_1,USD,1300,0,0,USD,0,0,0
67,pro,OFLX_GA,SD2022062534,CS2022055460,,,,TR,20230202000000,JSXMLX_1,USD,1600,0,0,,0,0,0
68,fom,OFLX_GA,SD2022062720,CS2022066024,,,,VN,20230202000000,JSXMLX_1,USD,0,0,0,,0,0,0
69,inm,OFLX_GA,S0238,CS2022118352,,,,GB,20230202000000,JSXMLX_1,USD,0,0,0,,0,0,0
71,eco,OFLX_GA,SD2022052510,CS2022055690,,,,MX,20230202000000,JSXMLX_1,USD,257600,0,0,,0,0,0
72,obs,OFLX_GA,SD2022072896,CS2022066030,219,PCL20210108596,,IN,20230202000000,JSXMLX_1,USD,0,0,0,USD,27870,0,0
73,mvt2,OFLX_GA,S0054,CS2022087122,,,,VN,20230202000000,JSXMLX_1,USD,10500,0,0,,0,0,0
74,obs,OFLX_GA,SD2022072896,CS2022066030,112380,PCL20210109713,,IN,20230202000000,JSXMLX_1,USD,46480,0,0,USD,317000,0,0
75,con,OFLX_GA,S0275,CS2022024177,,,,IN,20230202000000,JSXMLX_1,USD,391200,0,0,,0,0,0
76,bat,OFLX_GA,SD2022062576,CS2022055559,,,,DE,20230202000000,JSXMLX_1,USD,72000,0,0,,0,0,0
77,eco,OFLX_GA,SD2022052510,CS2022055690,219,PCL20210108596,,IN,20230202000000,JSXMLX_1,USD,30800,0,0,USD,282810,0,0
78,flx,OFLX_GA,S0176,CS2021050423,S2021050112,PCS2021050126,,AU,20230202000000,JSXMLX_1,USD,4000,0,0,USD,0,0,0
79,asm,OFLX_GA,SD202106407,CS2021060879,,,,DE,20230202000000,JSXMLX_1,USD,192000,0,0,,0,0,0
80,mel2,OFLX_GA,S0186,CS2021081740,,,,IN,20230202000000,JSXMLX_1,USD,263800,0,0,,0,0,0
81,adm3,OFLX_GA,S0168,CS2021123159,112114,PCS2020070001,,MY,20230202000000,JSXMLX_1,USD,3400,0,0,USD,0,0,0
82,adb,OFLX_GA,SD2022052486,CS2022055464,,,,TR,20230202000000,JSXMLX_1,USD,280000,0,0,,0,0,0
84,flb,OFLX_GA,S0194,CS2021040297,112114,PCS2020070001,,KR,20230202000000,JSXMLX_1,USD,7500,0,0,USD,0,0,0
85,aen,OFLX_GA,S0233,CS2021081982,219,PCL20210108596,,MX,20230202000000,JSXMLX_1,USD,774000,0,0,USD,155400,0,0
86,mvt2,OFLX_GA,S0054,CS2022087122,S2022010589,PCS2022014255,,US,20230202000000,JSXMLX_1,USD,1500,0,0,USD,0,0,0
87,mld,OFLX_GA,S0186,CS2021081740,,,,PH,20230202000000,JSXMLX_1,USD,46800,0,0,,0,0,0
88,jsd,OFLX_GA,S0239,CS2021092333,,,,FR,20230202000000,JSXMLX_1,USD,0,0,0,,0,0,0
89,vik2,OFLX_GA,S0254,CS2021123422,,,,ID,20230202000000,JSXMLX_1,USD,14000,0,0,,0,0,0
90,pdw,OFLX_GA,S0223,CS2021081831,G105025,,,US,20230202000000,JSXMLX_1,USD,5000,0,0,,0,0,0
92,flx,OFLX_GA,S0176,CS2021050423,,,,RU,20230202000000,JSXMLX_1,USD,8400,0,0,,0,0,0
93,jsd,OFLX_GA,S0239,CS2021092333,219,PCL20210108596,,RU,20230202000000,JSXMLX_1,USD,80000,0,0,USD,23100,0,0
94,mpa,OFLX_GA,SD2022062528,CS2022055462,,,,JP,20230202000000,JSXMLX_1,USD,549000,0,0,,0,0,0
95,n2ym,OFLX_GA,S0051,CS2021081797,,,,VN,20230202000000,JSXMLX_1,USD,30000,0,0,,0,0,0
96,sgd,OFLX_GA,S0073,CS2022066001,112114,PCS2020070001,,PH,20230202000000,JSXMLX_1,USD,1400,0,0,USD,0,0,0
97,azn,OFLX_GA,SD2022083243,CS2022087137,,,,SA,20230202000000,JSXMLX_1,USD,5488800,0,0,,0,0,0
98,nsm2,OFLX_GA,S0263,CS2021102560,S2021040105,PCS2021040109,,VN,20230202000000,JSXMLX_1,USD,25000,0,0,USD,0,0,0
99,cam,OFLX_GA,S0103,CS2022076323,219,PCL20210108596,,DE,20230202000000,JSXMLX_1,USD,240000,0,0,USD,185160,0,0
100,mpa,OFLX_GA,SD2022062528,CS2022055462,G103111,YMCS201710003,,BR,20230202000000,JSXMLX_1,USD,1300,0,0,USD,0,0,0
101,omb,OFLX_GA,SD2022052483,CS2022055467,,,,KR,20230202000000,JSXMLX_1,USD,513500,0,0,,0,0,0
102,bat,OFLX_GA,SD2022062576,CS2022055559,,,,IN,20230202000000,JSXMLX_1,USD,12600,0,0,,0,0,0
103,cwp,OFLX_GA,SD2022062533,CS2022076265,,,,RU,20230202000000,JSXMLX_1,USD,6750000,0,0,,0,0,0
104,cwp,OFLX_GA,SD2022062533,CS2022076265,,,,IT,20230202000000,JSXMLX_1,USD,48000,0,0,,0,0,0
105,mvt2,OFLX_GA,S0054,CS2022087122,112114,PCS2020070001,,AU,20230202000000,JSXMLX_1,USD,1500,0,0,USD,0,0,0
106,pdw,OFLX_GA,S0223,CS2021081831,,,,PH,20230202000000,JSXMLX_1,USD,162300,0,0,,0,0,0
107,sgd,OFLX_GA,S0073,CS2022066001,,,,MY,20230202000000,JSXMLX_1,USD,8000,0,0,,0,0,0
108,obs,OFLX_GA,SD2022072896,CS2022066030,,,,IN,20230202000000,JSXMLX_1,USD,457920,0,0,,0,0,0
109,mpa,OFLX_GA,SD2022062528,CS2022055462,,,,BR,20230202000000,JSXMLX_1,USD,53400,0,0,,0,0,0
110,pie,OFLX_GA,SD2022082988,CS2022076295,,,,AE,20230202000000,JSXMLX_1,USD,0,0,0,,0,0,0
111,kai,OFLX_GA,SD2022083206,CS2022087087,,,,FR,20230202000000,JSXMLX_1,USD,0,0,0,,0,0,0
112,gdj,OFLX_GA,S0227,CS2021081829,112380,PCL20210109713,,TR,20230202000000,JSXMLX_1,USD,55200,0,0,USD,2090,0,0
113,gxm,OFLX_GA,S0270,CS2022024288,G103678,YMCS201809008,,TW,20230202000000,JSXMLX_1,USD,15000,0,0,USD,361,0,0
114,adb,OFLX_GA,SD2022052486,CS2022055464,,,,US,20230202000000,JSXMLX_1,USD,7000,0,0,,0,0,0
115,acb,OFLX_GA,SD2022082998,CS2022076660,,,,US,20230202000000,JSXMLX_1,USD,45000,0,0,,0,0,0
116,pap,OFLX_GA,SD2021121650,CS2021123197,,,,VN,20230202000000,JSXMLX_1,USD,25000,0,0,,0,0,0
117,adg,OFLX_GA,SD2022062524,CS2022055643,,,,IT,20230202000000,JSXMLX_1,USD,336000,0,0,,0,0,0
118,fom,OFLX_GA,SD2022062720,CS2022066024,219,PCL20210108596,,DE,20230202000000,JSXMLX_1,USD,48000,0,0,USD,226110,0,0
119,pap,OFLX_GA,SD2021121650,CS2021123197,,,,GB,20230202000000,JSXMLX_1,USD,0,0,0,,0,0,0
120,ym,OFLX_GA,S0051,CS2021081797,G105214,PGZ2020070007,,PH,20230202000000,JSXMLX_1,USD,1000,0,0,CNY,8125,0,0
121,rcm,OFLX_GA,S0095,CS2022045182,,,,JP,20230202000000,JSXMLX_1,USD,1500,0,0,,0,0,0
122,mvt2,OFLX_GA,S0054,CS2022087122,G105214,PGZ2020070007,,JP,20230202000000,JSXMLX_1,USD,9000,0,0,CNY,51506,0,0
123,inm2,OFLX_GA,S0238,CS2022118352,,,,IN,20230202000000,JSXMLX_1,USD,334400,0,0,,0,0,0
124,phm,OFLX_GA,S0199,CS2022045048,,,,BR,20230202000000,JSXMLX_1,USD,333600,0,0,,0,0,0
125,ym,OFLX_GA,S0051,CS2021081797,,,,GB,20230202000000,JSXMLX_1,USD,50000,0,0,,0,0,0
126,laz,OFLX_GA,SD202107443,CS2022128804,nan,,,MY,20230202000000,JSXMLX_1,USD,0,0,0,,0,0,0
127,aha,OFLX_GA,S0257,CS2022014014,112380,PCL20210109713,,ID,20230202000000,JSXMLX_1,USD,297000,0,0,USD,29700,0,0
128,pie,OFLX_GA,SD2022082988,CS2022076295,,,,GB,20230202000000,JSXMLX_1,USD,660000,0,0,,0,0,0
129,gdj,OFLX_GA,S0227,CS2021081829,,,,PH,20230202000000,JSXMLX_1,USD,3500,0,0,,0,0,0
130,gxm,OFLX_GA,S0270,CS2022024288,G103172,YMCS201709026,,ID,20230202000000,JSXMLX_1,USD,10000,0,0,USD,1100,0,0
131,lit,OFLX_GA,SD202109889,CS2021092054,,,,SA,20230202000000,JSXMLX_1,USD,194000,0,0,,0,0,0
132,n2ym,OFLX_GA,S0051,CS2021081797,,,,PH,20230202000000,JSXMLX_1,USD,2550,0,0,,0,0,0
133,mld,OFLX_GA,S0186,CS2021081740,,,,KR,20230202000000,JSXMLX_1,USD,25800,0,0,,0,0,0
134,bat,OFLX_GA,SD2022062576,CS2022055559,,,,TW,20230202000000,JSXMLX_1,USD,301000,0,0,,0,0,0
135,aen,OFLX_GA,S0233,CS2021081982,,,,MY,20230202000000,JSXMLX_1,USD,60000,0,0,,0,0,0
136,mvt2,OFLX_GA,S0054,CS2022087122,G103678,YMCS201809008,,MY,20230202000000,JSXMLX_1,USD,3000,0,0,USD,0,0,0
137,nbd3,OFLX_GA,S0222,CS2021081952,112380,PCL20210109713,,ID,20230202000000,JSXMLX_1,USD,44000,0,0,USD,86500,0,0
138,dee,OFLX_GA,SD202107451,CS2021050826,,,,ID,20230202000000,JSXMLX_1,USD,10000,0,0,,0,0,0
139,pie,OFLX_GA,SD2022082988,CS2022076295,,,,FR,20230202000000,JSXMLX_1,USD,0,0,0,,0,0,0
140,mel2,OFLX_GA,S0186,CS2021081740,,,,SA,20230202000000,JSXMLX_1,USD,4000,0,0,,0,0,0
141,mpo2,OFLX_GA,S0129,CS2021050426,112114,PCS2020070001,,ID,20230202000000,JSXMLX_1,USD,5850,0,0,USD,80,0,0
142,phm2,OFLX_GA,S0199,CS2022045048,,,,KR,20230202000000,JSXMLX_1,USD,62100,0,0,,0,0,0
143,pdw,OFLX_GA,S0223,CS2021081831,G104986,PCS2020040003,,TW,20230202000000,JSXMLX_1,USD,2700,0,0,USD,365882,0,0
144,cwp,OFLX_GA,SD2022062533,CS2022076265,219,PCL20210108596,,DE,20230202000000,JSXMLX_1,USD,20000,0,0,USD,61890,0,0
145,fil,OFLX_GA,YH202109907,GZ2021092407,112380,PCL20210109713,,IN,20230202000000,JSXMLX_1,USD,10000,0,0,USD,400100,0,0
146,lit,OFLX_GA,SD202109889,CS2021092054,,,,MY,20230202000000,JSXMLX_1,USD,200000,0,0,,0,0,0
147,mvt2,OFLX_GA,S0054,CS2022087122,112114,PCS2020070001,,MX,20230202000000,JSXMLX_1,USD,1500,0,0,USD,0,0,0
148,nsg,OFLX_GA,SD202107498,CS2021061199,,,,PH,20230202000000,JSXMLX_1,USD,0,0,0,,0,0,0
149,ym,OFLX_GA,S0051,CS2021081797,G105025,,,KR,20230202000000,JSXMLX_1,USD,72200,0,0,,15892,0,0
150,mpa,OFLX_GA,SD2022062528,CS2022055462,,,,PH,20230202000000,JSXMLX_1,USD,260900,0,0,,0,0,0
151,sgd,OFLX_GA,S0073,CS2022066001,,,,VN,20230202000000,JSXMLX_1,USD,12200,0,0,,0,0,0
152,pdw,OFLX_GA,S0223,CS2021081831,112114,PCS2020070001,,MY,20230202000000,JSXMLX_1,USD,3400,0,0,USD,0,0,0
153,adu,OFLX_GA,SD2022042281,CS2022034891,,,,ID,20230202000000,JSXMLX_1,USD,58800,0,0,,0,0,0
154,sgd,OFLX_GA,S0073,CS2022066001,,,,IN,20230202000000,JSXMLX_1,USD,68300,0,0,,0,0,0
155,mvt2,OFLX_GA,S0054,CS2022087122,,,,US,20230202000000,JSXMLX_1,USD,738500,0,0,,0,0,0
156,pdw,OFLX_GA,S0223,CS2021081831,,,,AE,20230202000000,JSXMLX_1,USD,3000,0,0,,0,0,0
157,phm2,OFLX_GA,S0199,CS2022045048,,,,RU,20230202000000,JSXMLX_1,USD,4000,0,0,,0,0,0
158,omb,OFLX_GA,SD2022052483,CS2022055467,,,,RU,20230202000000,JSXMLX_1,USD,108000,0,0,,0,0,0
159,pap,OFLX_GA,SD2021121650,CS2021123197,,,,IN,20230202000000,JSXMLX_1,USD,1064000,0,0,,0,0,0
160,mar,OFLX_GA,SD2021121352,CS2021113033,112380,PCL20210109713,,IT,20230202000000,JSXMLX_1,USD,400000,0,0,USD,600400,0,0
161,cam,OFLX_GA,S0103,CS2022076323,,,,IN,20230202000000,JSXMLX_1,USD,760000,0,0,,0,0,0
162,jsd,OFLX_GA,S0239,CS2021092333,219,PCL20210108596,,VN,20230202000000,JSXMLX_1,USD,53600,0,0,USD,51840,0,0
163,mpa,OFLX_GA,SD2022062528,CS2022055462,112114,PCS2020070001,,RU,20230202000000,JSXMLX_1,USD,47500,0,0,USD,24345,0,0
164,lit,OFLX_GA,SD202109889,CS2021092054,,,,VN,20230202000000,JSXMLX_1,USD,525000,0,0,,0,0,0
165,ttt,OFLX_GA,SD2022082985,CS2022076390,219,PCL20210108596,,IN,20230202000000,JSXMLX_1,USD,115,0,0,USD,12570,0,0
166,okx,OFLX_GA,SD2022083240,CS2022086971,219,PCL20210108596,,RU,20230202000000,JSXMLX_1,USD,60000,0,0,USD,57450,0,0
167,ym,OFLX_GA,S0051,CS2021081797,,,,IN,20230202000000,JSXMLX_1,USD,135240,0,0,,0,0,0
168,mbm,OFLX_GA,S0150,CS2021081704,112380,PCL20210109713,,US,20230202000000,JSXMLX_1,USD,3591000,0,0,USD,39900,0,0
169,pdw,OFLX_GA,S0223,CS2021081831,112114,PCS2020070001,,VN,20230202000000,JSXMLX_1,USD,3000,0,0,USD,0,0,0
170,pdw,OFLX_GA,S0223,CS2021081831,G105025,,,KR,20230202000000,JSXMLX_1,USD,10000,0,0,,7271,0,0
171,tta,OFLX_GA,SD2022082985,CS2022076390,,,,PH,20230202000000,JSXMLX_1,USD,6600,0,0,,0,0,0
172,mbm,OFLX_GA,S0150,CS2021081704,219,PCL20210108596,,TR,20230202000000,JSXMLX_1,USD,72000,0,0,USD,61800,0,0
173,ttt,OFLX_GA,SD2022082985,CS2022076390,219,PCL20210108596,,SA,20230202000000,JSXMLX_1,USD,80271,0,0,USD,88950,0,0
174,cam,OFLX_GA,S0103,CS2022076323,,,,VN,20230202000000,JSXMLX_1,USD,0,0,0,,0,0,0
175,mvt2,OFLX_GA,S0054,CS2022087122,112114,PCS2020070001,,CL,20230202000000,JSXMLX_1,USD,1500,0,0,USD,0,0,0
176,aen,OFLX_GA,S0233,CS2021081982,,,,IN,20230202000000,JSXMLX_1,USD,7806400,0,0,,0,0,0
177,fil,OFLX_GA,YH202109907,GZ2021092407,,,,IN,20230202000000,JSXMLX_1,USD,220000,0,0,,0,0,0
178,glb1,OFLX_GA,SD2022032059,CS2021123655,,,,IN,20230202000000,JSXMLX_1,USD,26240,0,0,,0,0,0
179,ym,OFLX_GA,S0051,CS2021081797,,,,TW,20230202000000,JSXMLX_1,USD,15000,0,0,,0,0,0
180,ntm,OFLX_GA,SD2022083249,CS2022086926,,,,US,20230202000000,JSXMLX_1,USD,0,0,0,,0,0,0
181,bis,OFLX_GA,SD2022032091,CS2022034592,,,,US,20230202000000,JSXMLX_1,USD,140000,0,0,,0,0,0
182,phm2,OFLX_GA,S0199,CS2022045048,G104016,P-CS-2019127194,,ZA,20230202000000,JSXMLX_1,USD,36000,0,0,USD,0,0,0
183,nsm2,OFLX_GA,S0263,CS2021102560,,,,BR,20230202000000,JSXMLX_1,USD,152000,0,0,,0,0,0
184,zon,OFLX_GA,SD2022083163,CS2022086857,219,PCL20210108596,,VN,20230202000000,JSXMLX_1,USD,2400,0,0,USD,3000,0,0
185,aha,OFLX_GA,S0257,CS2022014014,,,,PH,20230202000000,JSXMLX_1,USD,40000,0,0,,0,0,0
186,obs,OFLX_GA,SD2022072896,CS2022066030,,,,VN,20230202000000,JSXMLX_1,USD,64000,0,0,,0,0,0
187,pdw,OFLX_GA,S0223,CS2021081831,G104636,YMCS201909004,,US,20230202000000,JSXMLX_1,USD,4000,0,0,USD,0,0,0
188,aen,OFLX_GA,S0233,CS2021081982,,,,VN,20230202000000,JSXMLX_1,USD,573600,0,0,,0,0,0
189,lit,OFLX_GA,SD202109889,CS2021092054,,,,JP,20230202000000,JSXMLX_1,USD,144000,0,0,,0,0,0
190,inm2,OFLX_GA,S0238,CS2022118352,219,PCL20210108596,,IN,20230202000000,JSXMLX_1,USD,83600,0,0,USD,131160,0,0
191,fom,OFLX_GA,SD2022062720,CS2022066024,,,,DE,20230202000000,JSXMLX_1,USD,192000,0,0,,0,0,0
192,mps,OFLX_GA,SD2022062581,CS2022045249,,,,ID,20230202000000,JSXMLX_1,USD,0,0,0,,0,0,0
193,ttt,OFLX_GA,SD2022082985,CS2022076390,,,,IN,20230202000000,JSXMLX_1,USD,11200,0,0,,0,0,0
194,lit,OFLX_GA,SD202109889,CS2021092054,219,PCL20210108596,,IN,20230202000000,JSXMLX_1,USD,0,0,0,USD,74670,0,0
195,gxm,OFLX_GA,S0270,CS2022024288,,,,IN,20230202000000,JSXMLX_1,USD,535200,0,0,,0,0,0
196,mlt,OFLX_GA,S0084,CS2021112974,112380,PCL20210109713,,VN,20230202000000,JSXMLX_1,USD,115200,0,0,USD,350800,0,0
197,nsm2,OFLX_GA,S0263,CS2021102560,,,,ID,20230202000000,JSXMLX_1,USD,42000,0,0,,0,0,0
198,adz,OFLX_GA,S0269,CS2021030008,,,,IN,20230202000000,JSXMLX_1,USD,420000,0,0,,0,0,0
199,phm2,OFLX_GA,S0199,CS2022045048,112114,PCS2020070001,,RU,20230202000000,JSXMLX_1,USD,5000,0,0,USD,600,0,0
200,mvt2,OFLX_GA,S0054,CS2022087122,,,,ES,20230202000000,JSXMLX_1,USD,2500,0,0,,0,0,0
201,rcm,OFLX_GA,S0095,CS2022045182,G104636,YMCS201909004,,ID,20230202000000,JSXMLX_1,USD,8500,0,0,USD,0,0,0
202,pdw,OFLX_GA,S0223,CS2021081831,,,,JP,20230202000000,JSXMLX_1,USD,41000,0,0,,0,0,0
203,omb,OFLX_GA,SD2022052483,CS2022055467,G105025,,,KR,20230202000000,JSXMLX_1,USD,467100,0,0,,354257,0,0
204,gxm,OFLX_GA,S0270,CS2022024288,,,,VN,20230202000000,JSXMLX_1,USD,15000,0,0,,0,0,0
205,xap,OFLX_GA,SD2022031991,CS2022034518,,,,IN,20230202000000,JSXMLX_1,USD,1368000,0,0,,0,0,0
206,pdw,OFLX_GA,S0223,CS2021081831,,,,BR,20230202000000,JSXMLX_1,USD,5000,0,0,,0,0,0
207,bat,OFLX_GA,SD2022062576,CS2022055559,,,,VN,20230202000000,JSXMLX_1,USD,300000,0,0,,0,0,0
208,max,OFLX_GA,SD2022062541,CS2022055469,,,,US,20230202000000,JSXMLX_1,USD,88000,0,0,,0,0,0
209,lit,OFLX_GA,SD202109889,CS2021092054,,,,BR,20230202000000,JSXMLX_1,USD,30000,0,0,,0,0,0
210,flb,OFLX_GA,S0194,CS2021040297,,,,KR,20230202000000,JSXMLX_1,USD,4134000,0,0,,0,0,0
211,okx,OFLX_GA,SD2022083240,CS2022086971,,,,FR,20230202000000,JSXMLX_1,USD,150000,0,0,,0,0,0
212,pdw,OFLX_GA,S0223,CS2021081831,G103172,YMCS201709026,,IN,20230202000000,JSXMLX_1,USD,2400,0,0,USD,300,0,0
213,aen,OFLX_GA,S0233,CS2021081982,,,,TW,20230202000000,JSXMLX_1,USD,168000,0,0,,0,0,0
214,ntc,OFLX_GA,SD2022083253,CS2022087055,,,,IN,20230202000000,JSXMLX_1,USD,20000,0,0,,0,0,0
215,fgm,OFLX_GA,SD2022093377,CS2022097376,,,,ID,20230202000000,JSXMLX_1,USD,13000,0,0,,0,0,0
216,dom,OFLX_GA,S0278,CS2022024176,219,PCL20210108596,,IN,20230202000000,JSXMLX_1,USD,0,0,0,USD,30510,0,0
217,mpa,OFLX_GA,SD2022062528,CS2022055462,,,,CA,20230202000000,JSXMLX_1,USD,3000,0,0,,0,0,0
218,nsg,OFLX_GA,SD202107498,CS2021061199,,,,VN,20230202000000,JSXMLX_1,USD,0,0,0,,0,0,0
219,flx,OFLX_GA,S0176,CS2021050423,G105025,,,KR,20230202000000,JSXMLX_1,USD,16600,0,0,,16016,0,0
220,gxm,OFLX_GA,S0270,CS2022024288,,,,TW,20230202000000,JSXMLX_1,USD,168000,0,0,,0,0,0
221,mvt2,OFLX_GA,S0054,CS2022087122,,,,RU,20230202000000,JSXMLX_1,USD,37500,0,0,,0,0,0
222,mpa,OFLX_GA,SD2022062528,CS2022055462,G105080,XNCS2018047,,RU,20230202000000,JSXMLX_1,USD,1300,0,0,USD,0,0,0
223,tic,OFLX_GA,SD2022082989,CS2022086909,,,,TH,20230202000000,JSXMLX_1,USD,210000,0,0,,0,0,0
224,nbd3,OFLX_GA,S0222,CS2021081952,,,,VN,20230202000000,JSXMLX_1,USD,8000,0,0,,0,0,0
225,sgd,OFLX_GA,S0073,CS2022066001,,,,SA,20230202000000,JSXMLX_1,USD,3360,0,0,,0,0,0
226,aen,OFLX_GA,S0233,CS2021081982,112380,PCL20210109713,,RU,20230202000000,JSXMLX_1,USD,60000,0,0,USD,111400,0,0
227,lit,OFLX_GA,SD202109889,CS2021092054,,,,PH,20230202000000,JSXMLX_1,USD,321120,0,0,,0,0,0
228,mvt2,OFLX_GA,S0054,CS2022087122,G105197,PCS2020050002,,MX,20230202000000,JSXMLX_1,USD,5000,0,0,USD,0,0,0
229,mvt2,OFLX_GA,S0054,CS2022087122,112114,PCS2020070001,,US,20230202000000,JSXMLX_1,USD,6500,0,0,USD,0,0,0
230,mlt,OFLX_GA,S0084,CS2021112974,112380,PCL20210109713,,BR,20230202000000,JSXMLX_1,USD,9600,0,0,USD,49900,0,0
231,fom,OFLX_GA,SD2022062720,CS2022066024,219,PCL20210108596,,TR,20230202000000,JSXMLX_1,USD,49000,0,0,USD,31110,0,0
232,gxm,OFLX_GA,S0270,CS2022024288,,,,SA,20230202000000,JSXMLX_1,USD,4000,0,0,,0,0,0
233,mpa,OFLX_GA,SD2022062528,CS2022055462,,,,KR,20230202000000,JSXMLX_1,USD,10500,0,0,,0,0,0
234,max,OFLX_GA,SD2022062541,CS2022055469,,,,MX,20230202000000,JSXMLX_1,USD,235000,0,0,,0,0,0
235,oem,OFLX_GA,SD202105158,CS2022034829,219,PCL20210108596,,IN,20230202000000,JSXMLX_1,USD,0,0,0,USD,63600,0,0
236,tic,OFLX_GA,SD2022082989,CS2022086909,,,,IN,20230202000000,JSXMLX_1,USD,2334200,0,0,,0,0,0
237,bid,OFLX_GA,SD2022052478,CS2022055668,219,PCL20210108596,,PH,20230202000000,JSXMLX_1,USD,17500,0,0,USD,31530,0,0
238,sgd,OFLX_GA,S0073,CS2022066001,,,,TW,20230202000000,JSXMLX_1,USD,53270,0,0,,0,0,0
239,mvt2,OFLX_GA,S0054,CS2022087122,G105214,PGZ2020070007,,TH,20230202000000,JSXMLX_1,USD,1700,0,0,CNY,61750,0,0
240,sgd,OFLX_GA,S0073,CS2022066001,G105214,PGZ2020070007,,TW,20230202000000,JSXMLX_1,USD,7000,0,0,CNY,287956,0,0
241,phm2,OFLX_GA,S0199,CS2022045048,,,,ZA,20230202000000,JSXMLX_1,USD,148500,0,0,,0,0,0
242,mar,OFLX_GA,SD2021121352,CS2021113033,,,,IT,20230202000000,JSXMLX_1,USD,1600000,0,0,,0,0,0
243,alf,OFLX_GA,S0261,CS2021113112,112380,PCL20210109713,,RU,20230202000000,JSXMLX_1,USD,336000,0,0,USD,729800,0,0
244,fly,OFLX_GA,S0194,CS2021040297,G103111,YMCS201710003,,KR,20230202000000,JSXMLX_1,USD,3000,0,0,USD,0,0,0
245,vik2,OFLX_GA,S0254,CS2021123422,,,,IN,20230202000000,JSXMLX_1,USD,2500,0,0,,0,0,0
246,gxm,OFLX_GA,S0270,CS2022024288,G104016,P-CS-2019127194,,ID,20230202000000,JSXMLX_1,USD,4800,0,0,USD,26600,0,0
247,gxm,OFLX_GA,S0270,CS2022024288,S2022010589,PCS2022014255,,US,20230202000000,JSXMLX_1,USD,1500,0,0,USD,0,0,0
248,bis,OFLX_GA,SD2022032091,CS2022034592,,,,MX,20230202000000,JSXMLX_1,USD,216000,0,0,,0,0,0
249,omb,OFLX_GA,SD2022052483,CS2022055467,,,,BR,20230202000000,JSXMLX_1,USD,603000,0,0,,0,0,0
250,asm,OFLX_GA,SD202106407,CS2021060879,,,,KR,20230202000000,JSXMLX_1,USD,42000,0,0,,0,0,0
251,tec3,OFLX_GA,S0150,CS2021081704,,,,KR,20230202000000,JSXMLX_1,USD,96000,0,0,,0,0,0
252,jsd,OFLX_GA,S0239,CS2021092333,,,,KR,20230202000000,JSXMLX_1,USD,480000,0,0,,0,0,0
253,mpo2,OFLX_GA,S0129,CS2021050426,,,,MY,20230202000000,JSXMLX_1,USD,1950,0,0,,0,0,0
254,onn,OFLX_GA,SD202105158,CS2022034829,219,PCL20210108596,,IN,20230202000000,JSXMLX_1,USD,80000,0,0,USD,49050,0,0
255,jsd,OFLX_GA,S0239,CS2021092333,,,,TR,20230202000000,JSXMLX_1,USD,7500,0,0,,0,0,0
256,mel2,OFLX_GA,S0186,CS2021081740,,,,ID,20230202000000,JSXMLX_1,USD,29700,0,0,,0,0,0
257,cle2,OFLX_GA,SD2021121366,CS2021112780,,,,FR,20230202000000,JSXMLX_1,USD,6000000,0,0,,0,0,0
258,nbd3,OFLX_GA,S0222,CS2021081952,,,,MX,20230202000000,JSXMLX_1,USD,2500000,0,0,,0,0,0
259,laz,OFLX_GA,SD202107443,CS2022128804,109309,PCL20210108875,,PH,20230202000000,JSXMLX_1,USD,4000,0,0,USD,1400,0,0
260,adc,OFLX_GA,SD2022031939,CS2022024415,,,,RU,20230202000000,JSXMLX_1,USD,6178000,0,0,,0,0,0
261,mps,OFLX_GA,SD2022062581,CS2022045249,,,,DE,20230202000000,JSXMLX_1,USD,40000,0,0,,0,0,0
262,mvt2,OFLX_GA,S0054,CS2022087122,,,,CO,20230202000000,JSXMLX_1,USD,115500,0,0,,0,0,0
263,eco,OFLX_GA,SD2022052510,CS2022055690,112380,PCL20210109713,,US,20230202000000,JSXMLX_1,USD,120000,0,0,USD,400200,0,0
264,omg,OFLX_GA,SD202106368,CS2022045027,,,,VN,20230202000000,JSXMLX_1,USD,0,0,0,,0,0,0
265,jsd,OFLX_GA,S0239,CS2021092333,219,PCL20210108596,,IN,20230202000000,JSXMLX_1,USD,100000,0,0,USD,310590,0,0
266,con,OFLX_GA,S0275,CS2022024177,112380,PCL20210109713,,TH,20230202000000,JSXMLX_1,USD,0,0,0,USD,1000,0,0
267,sgd,OFLX_GA,S0073,CS2022066001,G105025,,,KR,20230202000000,JSXMLX_1,USD,4200,0,0,,1989,0,0
268,mpa,OFLX_GA,SD2022062528,CS2022055462,,,,PK,20230202000000,JSXMLX_1,USD,10500,0,0,,0,0,0
269,oem,OFLX_GA,SD202105158,CS2022034829,,,,TH,20230202000000,JSXMLX_1,USD,72000,0,0,,0,0,0
270,gxm,OFLX_GA,S0270,CS2022024288,,,,MX,20230202000000,JSXMLX_1,USD,1500,0,0,,0,0,0
271,nsm2,OFLX_GA,S0263,CS2021102560,,,,TH,20230202000000,JSXMLX_1,USD,16000,0,0,,0,0,0
272,con,OFLX_GA,S0275,CS2022024177,,,,RU,20230202000000,JSXMLX_1,USD,200000,0,0,,0,0,0
273,sgd,OFLX_GA,S0073,CS2022066001,G104986,PCS2020040003,,TW,20230202000000,JSXMLX_1,USD,1890,0,0,USD,256118,0,0
274,tic,OFLX_GA,SD2022082989,CS2022086909,,,,SG,20230202000000,JSXMLX_1,USD,390000,0,0,,0,0,0
275,mvt2,OFLX_GA,S0054,CS2022087122,112114,PCS2020070001,,CO,20230202000000,JSXMLX_1,USD,4500,0,0,USD,0,0,0
276,mvt2,OFLX_GA,S0054,CS2022087122,S2021050112,PCS2021050126,,TR,20230202000000,JSXMLX_1,USD,4800,0,0,USD,0,0,0
277,n2ym,OFLX_GA,S0051,CS2021081797,G105025,,,KR,20230202000000,JSXMLX_1,USD,84800,0,0,,18665,0,0
278,alf,OFLX_GA,S0261,CS2021113112,,,,RU,20230202000000,JSXMLX_1,USD,1485000,0,0,,0,0,0
279,mpa,OFLX_GA,SD2022062528,CS2022055462,,,,TR,20230202000000,JSXMLX_1,USD,1500,0,0,,0,0,0
280,tur,OFLX_GA,SD2022031928,CS2022024344,,,,TH,20230202000000,JSXMLX_1,USD,22500,0,0,,0,0,0
281,mpo2,OFLX_GA,S0129,CS2021050426,,,,IN,20230202000000,JSXMLX_1,USD,53460,0,0,,0,0,0
282,aen,OFLX_GA,S0233,CS2021081982,,,,DE,20230202000000,JSXMLX_1,USD,10000,0,0,,0,0,0
283,mbm,OFLX_GA,S0150,CS2021081704,,,,TR,20230202000000,JSXMLX_1,USD,288000,0,0,,0,0,0
284,flx,OFLX_GA,S0176,CS2021050423,,,,IN,20230202000000,JSXMLX_1,USD,5050,0,0,,0,0,0
285,aen,OFLX_GA,S0233,CS2021081982,,,,MX,20230202000000,JSXMLX_1,USD,8241200,0,0,,0,0,0
286,adm3,OFLX_GA,S0168,CS2021123159,G105214,PGZ2020070007,,RU,20230202000000,JSXMLX_1,USD,1700,0,0,CNY,36400,0,0
287,aen,OFLX_GA,S0233,CS2021081982,112380,PCL20210109713,,ID,20230202000000,JSXMLX_1,USD,6400,0,0,USD,19900,0,0
288,bid,OFLX_GA,SD2022052478,CS2022055668,219,PCL20210108596,,VN,20230202000000,JSXMLX_1,USD,40971,0,0,USD,193470,0,0
289,phm2,OFLX_GA,S0199,CS2022045048,G105000,YMCS201709035,,NG,20230202000000,JSXMLX_1,USD,3000,0,0,USD,600,0,0
290,max,OFLX_GA,SD2022062541,CS2022055469,,,,ES,20230202000000,JSXMLX_1,USD,200000,0,0,,0,0,0
291,aen,OFLX_GA,S0233,CS2021081982,219,PCL20210108596,,IT,20230202000000,JSXMLX_1,USD,40000,0,0,USD,415470,0,0
292,mpa,OFLX_GA,SD2022062528,CS2022055462,,,,RU,20230202000000,JSXMLX_1,USD,223900,0,0,,0,0,0
293,xap,OFLX_GA,SD2022031991,CS2022034518,219,PCL20210108596,,IN,20230202000000,JSXMLX_1,USD,342000,0,0,USD,311040,0,0
294,mvt2,OFLX_GA,S0054,CS2022087122,G104636,YMCS201909004,,ES,20230202000000,JSXMLX_1,USD,60000,0,0,USD,0,0,0
295,mpa,OFLX_GA,SD2022062528,CS2022055462,,,,IT,20230202000000,JSXMLX_1,USD,39000,0,0,,0,0,0
296,mvt2,OFLX_GA,S0054,CS2022087122,,,,KR,20230202000000,JSXMLX_1,USD,11000,0,0,,0,0,0
297,mvt2,OFLX_GA,S0054,CS2022087122,G103111,YMCS201710003,,BR,20230202000000,JSXMLX_1,USD,1500,0,0,USD,0,0,0
298,asm,OFLX_GA,SD202106407,CS2021060879,,,,US,20230202000000,JSXMLX_1,USD,390000,0,0,,0,0,0
299,pdw,OFLX_GA,S0223,CS2021081831,G103111,YMCS201710003,,PH,20230202000000,JSXMLX_1,USD,2000,0,0,USD,0,0,0
300,cam,OFLX_GA,S0103,CS2022076323,,,,DE,20230202000000,JSXMLX_1,USD,1600000,0,0,,0,0,0
301,tur,OFLX_GA,SD2022031928,CS2022024344,,,,IN,20230202000000,JSXMLX_1,USD,0,0,0,,0,0,0
302,pap,OFLX_GA,SD2021121650,CS2021123197,219,PCL20210108596,,IN,20230202000000,JSXMLX_1,USD,266000,0,0,USD,359160,0,0
303,cwp,OFLX_GA,SD2022062533,CS2022076265,,,,BR,20230202000000,JSXMLX_1,USD,38000,0,0,,0,0,0
304,afr,OFLX_GA,SD2022052512,CS2022055619,,,,IN,20230202000000,JSXMLX_1,USD,112000,0,0,,0,0,0
305,cam,OFLX_GA,S0103,CS2022076323,,,,MX,20230202000000,JSXMLX_1,USD,360000,0,0,,0,0,0
306,sgd,OFLX_GA,S0073,CS2022066001,G103678,YMCS201809008,,MY,20230202000000,JSXMLX_1,USD,1120,0,0,USD,0,0,0
307,adm3,OFLX_GA,S0168,CS2021123159,,,,TH,20230202000000,JSXMLX_1,USD,10000,0,0,,0,0,0
308,sgd,OFLX_GA,S0073,CS2022066001,,,,GB,20230202000000,JSXMLX_1,USD,4200,0,0,,0,0,0
309,cec,OFLX_GA,SD202109830,CS2021092134,112380,PCL20210109713,,US,20230202000000,JSXMLX_1,USD,2800000,0,0,USD,30000,0,0
310,gdj,OFLX_GA,S0227,CS2021081829,219,PCL20210108596,,PH,20230202000000,JSXMLX_1,USD,32200,0,0,USD,1380,0,0
311,sgd,OFLX_GA,S0073,CS2022066001,,,,MX,20230202000000,JSXMLX_1,USD,2450,0,0,,0,0,0
312,obs,OFLX_GA,SD2022072896,CS2022066030,219,PCL20210108596,,VN,20230202000000,JSXMLX_1,USD,16000,0,0,USD,9240,0,0
313,tta,OFLX_GA,SD2022082985,CS2022076390,,,,RU,20230202000000,JSXMLX_1,USD,727200,0,0,,0,0,0
314,pdw,OFLX_GA,S0223,CS2021081831,,,,TH,20230202000000,JSXMLX_1,USD,81550,0,0,,0,0,0
315,asm,OFLX_GA,SD202106407,CS2021060879,,,,IT,20230202000000,JSXMLX_1,USD,309000,0,0,,0,0,0
316,tur,OFLX_GA,SD2022031928,CS2022024344,112114,PCS2020070001,,RU,20230202000000,JSXMLX_1,USD,1100,0,0,USD,8,0,0
317,fly,OFLX_GA,S0194,CS2021040297,G105025,,,KR,20230202000000,JSXMLX_1,USD,907000,0,0,,553358,0,0
318,mpa,OFLX_GA,SD2022062528,CS2022055462,,,,US,20230202000000,JSXMLX_1,USD,292000,0,0,,0,0,0
319,n2ym,OFLX_GA,S0051,CS2021081797,,,,KR,20230202000000,JSXMLX_1,USD,8300,0,0,,0,0,0
320,Aur,OFLX_GA,S0258,CS2021123440,,,,TW,20230202000000,JSXMLX_1,USD,100000,0,0,,0,0,0
321,ath2,OFLX_GA,S0233,CS2021081982,,,,ID,20230202000000,JSXMLX_1,USD,225000,0,0,,0,0,0
322,top,OFLX_GA,SD202109828,CS2021081878,112380,PCL20210109713,,RU,20230202000000,JSXMLX_1,USD,0,0,0,USD,1000,0,0
323,xap,OFLX_GA,SD2022031991,CS2022034518,219,PCL20210108596,,IT,20230202000000,JSXMLX_1,USD,48000,0,0,USD,7620,0,0
324,oni,OFLX_GA,SD2022083192,CS2022086816,,,,US,20230202000000,JSXMLX_1,USD,64000,0,0,,0,0,0
325,mlt,OFLX_GA,S0084,CS2021112974,219,PCL20210108596,,PH,20230202000000,JSXMLX_1,USD,42500,0,0,USD,15990,0,0
326,cam,OFLX_GA,S0103,CS2022076323,219,PCL20210108596,,IN,20230202000000,JSXMLX_1,USD,190000,0,0,USD,433650,0,0
328,laz,OFLX_GA,SD202107443,CS2022128804,nan,,,ID,20230202000000,JSXMLX_1,USD,0,0,0,,0,0,0
329,sgd,OFLX_GA,S0073,CS2022066001,G103678,YMCS201809008,,TW,20230202000000,JSXMLX_1,USD,30590,0,0,USD,253,0,0
330,ago,OFLX_GA,S0264,CS2021020008,,,,BR,20230202000000,JSXMLX_1,USD,336000,0,0,,0,0,0
331,jsd,OFLX_GA,S0239,CS2021092333,,,,BR,20230202000000,JSXMLX_1,USD,5595000,0,0,,0,0,0
332,tfk,OFLX_GA,SD2021121474,CS2021123262,,,,US,20230202000000,JSXMLX_1,USD,5120000,0,0,,0,0,0
333,icw,OFLX_GA,SD2022072778,CS2022086784,,,,SA,20230202000000,JSXMLX_1,USD,60000,0,0,,0,0,0
334,mbm,OFLX_GA,S0150,CS2021081704,,,,PH,20230202000000,JSXMLX_1,USD,30000,0,0,,0,0,0
335,ola,OFLX_GA,SD202107516,CS2021061086,,,,KR,20230202000000,JSXMLX_1,USD,245000,0,0,,0,0,0
336,wap,OFLX_GA,S0230,CS2020110006,,,,RU,20230202000000,JSXMLX_1,USD,322000,0,0,,0,0,0
337,bid,OFLX_GA,SD2022052478,CS2022055668,,,,PH,20230202000000,JSXMLX_1,USD,390000,0,0,,0,0,0
339,ber,OFLX_GA,SD2022103483,CS2022097572,,,,RU,20230202000000,JSXMLX_1,USD,240000,0,0,,0,0,0
340,rcm,OFLX_GA,S0095,CS2022045182,G104636,YMCS201909004,,SG,20230202000000,JSXMLX_1,USD,8500,0,0,USD,0,0,0
341,yom,OFLX_GA,SD2022103482,CS2022097574,,,,IN,20230202000000,JSXMLX_1,USD,104000,0,0,,0,0,0
342,cro1,OFLX_GA,SD202108757,CS2021081847,,,,RU,20230202000000,JSXMLX_1,USD,606000,0,0,,0,0,0
343,mpo2,OFLX_GA,S0129,CS2021050426,112114,PCS2020070001,,TH,20230202000000,JSXMLX_1,USD,1240,0,0,USD,0,0,0
344,adf,OFLX_GA,SD2022052488,CS2022055636,112380,PCL20210109713,,VN,20230202000000,JSXMLX_1,USD,585000,0,0,USD,1510600,0,0
345,kpm,OFLX_GA,SD2021111173,CS2021102593,,,,US,20230202000000,JSXMLX_1,USD,1810000,0,0,,0,0,0
346,nsm2,OFLX_GA,S0263,CS2021102560,112114,PCS2020070001,,BR,20230202000000,JSXMLX_1,USD,12000,0,0,USD,0,0,0
347,fil,OFLX_GA,YH202109907,GZ2021092407,,,,ID,20230202000000,JSXMLX_1,USD,0,0,0,,0,0,0
348,pie,OFLX_GA,SD2022082988,CS2022076295,219,PCL20210108596,,AE,20230202000000,JSXMLX_1,USD,0,0,0,USD,3480,0,0
349,mps,OFLX_GA,SD2022062581,CS2022045249,,,,GB,20230202000000,JSXMLX_1,USD,0,0,0,,0,0,0
350,mpo2,OFLX_GA,S0129,CS2021050426,,,,TH,20230202000000,JSXMLX_1,USD,29380,0,0,,0,0,0
351,gxm,OFLX_GA,S0270,CS2022024288,S2021050112,PCS2021050126,,ID,20230202000000,JSXMLX_1,USD,3200,0,0,USD,0,0,0
352,tec3,OFLX_GA,S0150,CS2021081704,,,,DE,20230202000000,JSXMLX_1,USD,0,0,0,,0,0,0
353,cwp,OFLX_GA,SD2022062533,CS2022076265,,,,MX,20230202000000,JSXMLX_1,USD,20000,0,0,,0,0,0
354,pdw,OFLX_GA,S0223,CS2021081831,G104016,P-CS-2019127194,,ID,20230202000000,JSXMLX_1,USD,2000,0,0,USD,89446,0,0
355,nsg,OFLX_GA,SD202107498,CS2021061199,112380,PCL20210109713,,IN,20230202000000,JSXMLX_1,USD,4960,0,0,USD,100400,0,0
356,bat,OFLX_GA,SD2022062576,CS2022055559,,,,HK,20230202000000,JSXMLX_1,USD,66000,0,0,,0,0,0
357,jsd,OFLX_GA,S0239,CS2021092333,112380,PCL20210109713,,TH,20230202000000,JSXMLX_1,USD,0,0,0,USD,30300,0,0
358,mpa,OFLX_GA,SD2022062528,CS2022055462,G103678,YMCS201809008,,TW,20230202000000,JSXMLX_1,USD,6000,0,0,USD,0,0,0
359,rsp,OFLX_GA,SD2022083008,CS2022086692,,,,RU,20230202000000,JSXMLX_1,USD,2792760,0,0,,0,0,0
360,nsm2,OFLX_GA,S0263,CS2021102560,,,,IN,20230202000000,JSXMLX_1,USD,15500,0,0,,0,0,0
361,acb,OFLX_GA,SD2022082998,CS2022076660,,,,BR,20230202000000,JSXMLX_1,USD,64000,0,0,,0,0,0
362,eco,OFLX_GA,SD2022052510,CS2022055690,,,,US,20230202000000,JSXMLX_1,USD,480000,0,0,,0,0,0
363,dom,OFLX_GA,S0278,CS2022024176,,,,MY,20230202000000,JSXMLX_1,USD,0,0,0,,0,0,0
364,apm,OFLX_GA,SD2022083248,CS2022097357,,,,IN,20230202000000,JSXMLX_1,USD,0,0,0,,0,0,0
365,mvt2,OFLX_GA,S0054,CS2022087122,G103678,YMCS201809008,,US,20230202000000,JSXMLX_1,USD,1500,0,0,USD,0,0,0
366,apt,OFLX_GA,SD2022062631,CS2022055699,,,,RU,20230202000000,JSXMLX_1,USD,100000,0,0,,0,0,0
367,aen,OFLX_GA,S0233,CS2021081982,,,,US,20230202000000,JSXMLX_1,USD,1094400,0,0,,0,0,0
368,ase,OFLX_GA,SD2022052341,CS2022055535,,,,IN,20230202000000,JSXMLX_1,USD,1908800,0,0,,0,0,0
369,aen,OFLX_GA,S0233,CS2021081982,,,,RU,20230202000000,JSXMLX_1,USD,5643800,0,0,,0,0,0
370,aen,OFLX_GA,S0233,CS2021081982,,,,IT,20230202000000,JSXMLX_1,USD,160000,0,0,,0,0,0
371,sgd,OFLX_GA,S0073,CS2022066001,G105214,PGZ2020070007,,MY,20230202000000,JSXMLX_1,USD,1400,0,0,CNY,21411,0,0
372,mvt2,OFLX_GA,S0054,CS2022087122,,,,CL,20230202000000,JSXMLX_1,USD,1500,0,0,,0,0,0
373,mar,OFLX_GA,SD2021121352,CS2021113033,,,,US,20230202000000,JSXMLX_1,USD,1288000,0,0,,0,0,0
374,sgd,OFLX_GA,S0073,CS2022066001,,,,ID,20230202000000,JSXMLX_1,USD,30000,0,0,,0,0,0
375,mel2,OFLX_GA,S0186,CS2021081740,,,,TW,20230202000000,JSXMLX_1,USD,58400,0,0,,0,0,0
376,xap,OFLX_GA,SD2022031991,CS2022034518,,,,ID,20230202000000,JSXMLX_1,USD,0,0,0,,0,0,0
377,oem,OFLX_GA,SD202105158,CS2022034829,219,PCL20210108596,,TH,20230202000000,JSXMLX_1,USD,18000,0,0,USD,123480,0,0
378,gxm,OFLX_GA,S0270,CS2022024288,,,,US,20230202000000,JSXMLX_1,USD,3000,0,0,,0,0,0
379,dee,OFLX_GA,SD202107451,CS2021050826,,,,NG,20230202000000,JSXMLX_1,USD,88000,0,0,,0,0,0
380,con,OFLX_GA,S0275,CS2022024177,,,,MX,20230202000000,JSXMLX_1,USD,53000,0,0,,0,0,0
381,inm,OFLX_GA,S0238,CS2022118352,,,,VN,20230202000000,JSXMLX_1,USD,5371200,0,0,,0,0,0
382,nsm2,OFLX_GA,S0263,CS2021102560,,,,MY,20230202000000,JSXMLX_1,USD,800000,0,0,,0,0,0
383,gxm,OFLX_GA,S0270,CS2022024288,,,,RU,20230202000000,JSXMLX_1,USD,69000,0,0,,0,0,0
384,tta,OFLX_GA,SD2022082985,CS2022076390,112380,PCL20210109713,,US,20230202000000,JSXMLX_1,USD,0,0,0,USD,50300,0,0
385,kai,OFLX_GA,SD2022083206,CS2022087087,,,,ID,20230202000000,JSXMLX_1,USD,160000,0,0,,0,0,0
386,mps,OFLX_GA,SD2022062581,CS2022045249,,,,IN,20230202000000,JSXMLX_1,USD,703600,0,0,,0,0,0
387,asm,OFLX_GA,SD202106407,CS2021060879,,,,MX,20230202000000,JSXMLX_1,USD,480700,0,0,,0,0,0
388,mps,OFLX_GA,SD2022062581,CS2022045249,219,PCL20210108596,,DE,20230202000000,JSXMLX_1,USD,10000,0,0,USD,30750,0,0
389,acb,OFLX_GA,SD2022082998,CS2022076660,,,,PH,20230202000000,JSXMLX_1,USD,1185000,0,0,,0,0,0
391,glb1,OFLX_GA,SD2022032059,CS2021123655,219,PCL20210108596,,IN,20230202000000,JSXMLX_1,USD,6560,0,0,USD,31110,0,0
392,mpo2,OFLX_GA,S0129,CS2021050426,112114,PCS2020070001,,VN,20230202000000,JSXMLX_1,USD,1950,0,0,USD,463,0,0
393,max,OFLX_GA,SD2022062541,CS2022055469,,,,BR,20230202000000,JSXMLX_1,USD,377500,0,0,,0,0,0
394,kpm,OFLX_GA,SD2021111173,CS2021102593,219,PCL20210108596,,GB,20230202000000,JSXMLX_1,USD,0,0,0,USD,3390,0,0
395,cwp,OFLX_GA,SD2022062533,CS2022076265,,,,ES,20230202000000,JSXMLX_1,USD,72000,0,0,,0,0,0
396,sed,OFLX_GA,SD2022083252,CS2022087145,112380,PCL20210109713,,ID,20230202000000,JSXMLX_1,USD,58000,0,0,USD,200600,0,0
397,gxm,OFLX_GA,S0270,CS2022024288,,,,ID,20230202000000,JSXMLX_1,USD,534900,0,0,,0,0,0
398,adm3,OFLX_GA,S0168,CS2021123159,,,,MY,20230202000000,JSXMLX_1,USD,13600,0,0,,0,0,0
399,mvt2,OFLX_GA,S0054,CS2022087122,G105025,,,KR,20230202000000,JSXMLX_1,USD,11000,0,0,,6293,0,0
400,dom,OFLX_GA,S0278,CS2022024176,,,,IN,20230202000000,JSXMLX_1,USD,0,0,0,,0,0,0
401,sgd,OFLX_GA,S0073,CS2022066001,,,,RU,20230202000000,JSXMLX_1,USD,3500,0,0,,0,0,0
402,sgd,OFLX_GA,S0073,CS2022066001,,,,US,20230202000000,JSXMLX_1,USD,4200,0,0,,0,0,0
403,fly,OFLX_GA,S0194,CS2021040297,G104636,YMCS201909004,,KR,20230202000000,JSXMLX_1,USD,256500,0,0,USD,30,0,0
404,gdj,OFLX_GA,S0227,CS2021081829,G105214,PGZ2020070007,,MX,20230202000000,JSXMLX_1,USD,2000,0,0,CNY,2710,0,0
405,abc,OFLX_GA,SD2022031993,CS2022118388,219,PCL20210108596,,RU,20230202000000,JSXMLX_1,USD,0,0,0,USD,15210,0,0
406,tic,OFLX_GA,SD2022082989,CS2022086909,112380,PCL20210109713,,ID,20230202000000,JSXMLX_1,USD,9100,0,0,USD,200800,0,0
407,mvt2,OFLX_GA,S0054,CS2022087122,,,,FR,20230202000000,JSXMLX_1,USD,10000,0,0,,0,0,0
408,cam,OFLX_GA,S0103,CS2022076323,,,,RU,20230202000000,JSXMLX_1,USD,2037800,0,0,,0,0,0
409,mvt2,OFLX_GA,S0054,CS2022087122,G103618,YMCS201809005,,MX,20230202000000,JSXMLX_1,USD,1500,0,0,USD,0,0,0
410,clo,OFLX_GA,SD2022083061,CS2022086760,,,,ID,20230202000000,JSXMLX_1,USD,1600000,0,0,,0,0,0
411,cam,OFLX_GA,S0103,CS2022076323,,,,US,20230202000000,JSXMLX_1,USD,800000,0,0,,0,0,0
412,cam,OFLX_GA,S0103,CS2022076323,,,,IT,20230202000000,JSXMLX_1,USD,0,0,0,,0,0,0
413,Aur,OFLX_GA,S0258,CS2021123440,G104636,YMCS201909004,,TW,20230202000000,JSXMLX_1,USD,20000,0,0,USD,0,0,0
414,tic,OFLX_GA,SD2022082989,CS2022086909,,,,MY,20230202000000,JSXMLX_1,USD,1610000,0,0,,0,0,0
416,aen,OFLX_GA,S0233,CS2021081982,,,,ID,20230202000000,JSXMLX_1,USD,25600,0,0,,0,0,0
417,tcp2,OFLX_GA,S0206,CS2022076611,,,,TH,20230202000000,JSXMLX_1,USD,1080000,0,0,,0,0,0
418,mvt2,OFLX_GA,S0054,CS2022087122,112114,PCS2020070001,,RU,20230202000000,JSXMLX_1,USD,22500,0,0,USD,3070,0,0
419,mvt2,OFLX_GA,S0054,CS2022087122,S2022010589,PCS2022014255,,MX,20230202000000,JSXMLX_1,USD,4500,0,0,USD,0,0,0
420,mvt2,OFLX_GA,S0054,CS2022087122,,,,DE,20230202000000,JSXMLX_1,USD,10000,0,0,,0,0,0
421,jsd,OFLX_GA,S0239,CS2021092333,,,,PH,20230202000000,JSXMLX_1,USD,18300,0,0,,0,0,0
422,mld,OFLX_GA,S0186,CS2021081740,,,,FR,20230202000000,JSXMLX_1,USD,137600,0,0,,0,0,0
423,rtb,OFLX_GA,SD2022083205,CS2022086891,,,,IN,20230202000000,JSXMLX_1,USD,4400,0,0,,0,0,0
424,rcm,OFLX_GA,S0095,CS2022045182,,,,SG,20230202000000,JSXMLX_1,USD,119000,0,0,,0,0,0
425,pdw,OFLX_GA,S0223,CS2021081831,,,,TW,20230202000000,JSXMLX_1,USD,43200,0,0,,0,0,0
426,tec3,OFLX_GA,S0150,CS2021081704,,,,ID,20230202000000,JSXMLX_1,USD,154400,0,0,,0,0,0
427,ym,OFLX_GA,S0051,CS2021081797,,,,KR,20230202000000,JSXMLX_1,USD,45000,0,0,,0,0,0
428,mvt2,OFLX_GA,S0054,CS2022087122,G105214,PGZ2020070007,,SG,20230202000000,JSXMLX_1,USD,1500,0,0,CNY,29250,0,0
429,pro,OFLX_GA,SD2022062534,CS2022055460,G105025,,,KR,20230202000000,JSXMLX_1,USD,66500,0,0,,43713,0,0
430,mel2,OFLX_GA,S0186,CS2021081740,G104636,YMCS201909004,,KR,20230202000000,JSXMLX_1,USD,2800,0,0,USD,1,0,0
431,occ1,OFLX_GA,S0259,CS2021123160,112380,PCL20210109713,,ID,20230202000000,JSXMLX_1,USD,1004000,0,0,USD,100400,0,0
432,omb,OFLX_GA,SD2022052483,CS2022055467,112114,PCS2020070001,,KR,20230202000000,JSXMLX_1,USD,9400,0,0,USD,0,0,0
433,cwp,OFLX_GA,SD2022062533,CS2022076265,,,,IN,20230202000000,JSXMLX_1,USD,1200,0,0,,0,0,0
434,okx,OFLX_GA,SD2022083240,CS2022086971,,,,BR,20230202000000,JSXMLX_1,USD,50000,0,0,,0,0,0
435,phm,OFLX_GA,S0199,CS2022045048,,,,GB,20230202000000,JSXMLX_1,USD,2000000,0,0,,0,0,0
436,mvt2,OFLX_GA,S0054,CS2022087122,G105214,PGZ2020070007,,MX,20230202000000,JSXMLX_1,USD,25500,0,0,CNY,34586,0,0
437,jsd,OFLX_GA,S0239,CS2021092333,112380,PCL20210109713,,IN,20230202000000,JSXMLX_1,USD,0,0,0,USD,120200,0,0
438,asm,OFLX_GA,SD202106407,CS2021060879,,,,FR,20230202000000,JSXMLX_1,USD,135000,0,0,,0,0,0
439,mel2,OFLX_GA,S0186,CS2021081740,,,,KR,20230202000000,JSXMLX_1,USD,51100,0,0,,0,0,0
440,n2ym,OFLX_GA,S0051,CS2021081797,,,,IT,20230202000000,JSXMLX_1,USD,1000,0,0,,0,0,0
441,fly,OFLX_GA,S0194,CS2021040297,112114,PCS2020070001,,KR,20230202000000,JSXMLX_1,USD,6000,0,0,USD,0,0,0
443,mpo2,OFLX_GA,S0129,CS2021050426,,,,PH,20230202000000,JSXMLX_1,USD,39340,0,0,,0,0,0
444,aen,OFLX_GA,S0233,CS2021081982,,,,FR,20230202000000,JSXMLX_1,USD,2400,0,0,,0,0,0
445,asm,OFLX_GA,SD202106407,CS2021060879,,,,TH,20230202000000,JSXMLX_1,USD,9000,0,0,,0,0,0
446,mpo2,OFLX_GA,S0129,CS2021050426,G103111,YMCS201710003,,TH,20230202000000,JSXMLX_1,USD,1430,0,0,USD,0,0,0
447,thi,OFLX_GA,SD2022052466,MMT2022034920,,,,MX,20230202000000,JSXMLX_1,USD,604000,0,0,,0,0,0
448,fly,OFLX_GA,S0194,CS2021040297,,,,JP,20230202000000,JSXMLX_1,USD,4000,0,0,,0,0,0
449,tic,OFLX_GA,SD2022082989,CS2022086909,,,,PH,20230202000000,JSXMLX_1,USD,4040000,0,0,,0,0,0
450,fgm,OFLX_GA,SD2022093377,CS2022097376,112380,PCL20210109713,,BR,20230202000000,JSXMLX_1,USD,17600,0,0,USD,50100,0,0
452,mvt2,OFLX_GA,S0054,CS2022087122,,,,TR,20230202000000,JSXMLX_1,USD,7200,0,0,,0,0,0
453,mpo2,OFLX_GA,S0129,CS2021050426,,,,VN,20230202000000,JSXMLX_1,USD,6500,0,0,,0,0,0
454,pdw,OFLX_GA,S0223,CS2021081831,G103111,YMCS201710003,,VN,20230202000000,JSXMLX_1,USD,3000,0,0,USD,0,0,0
455,mld,OFLX_GA,S0186,CS2021081740,,,,HK,20230202000000,JSXMLX_1,USD,120000,0,0,,0,0,0
456,adm3,OFLX_GA,S0168,CS2021123159,G105025,,,KR,20230202000000,JSXMLX_1,USD,11900,0,0,,14945,0,0
457,mvt2,OFLX_GA,S0054,CS2022087122,G103111,YMCS201710003,,MY,20230202000000,JSXMLX_1,USD,1500,0,0,USD,0,0,0
458,pro,OFLX_GA,SD2022062534,CS2022055460,,,,MY,20230202000000,JSXMLX_1,USD,11200,0,0,,0,0,0
459,lit,OFLX_GA,SD202109889,CS2021092054,,,,RU,20230202000000,JSXMLX_1,USD,5484000,0,0,,0,0,0
460,mld,OFLX_GA,S0186,CS2021081740,,,,US,20230202000000,JSXMLX_1,USD,287600,0,0,,0,0,0
461,snr,OFLX_GA,S0247,CS2021112905,,,,GB,20230202000000,JSXMLX_1,USD,0,0,0,,0,0,0
462,pdw,OFLX_GA,S0223,CS2021081831,,,,SA,20230202000000,JSXMLX_1,USD,7000,0,0,,0,0,0
463,cwp,OFLX_GA,SD2022062533,CS2022076265,,,,TW,20230202000000,JSXMLX_1,USD,230000,0,0,,0,0,0
464,mpa,OFLX_GA,SD2022062528,CS2022055462,G103111,YMCS201710003,,KR,20230202000000,JSXMLX_1,USD,54000,0,0,USD,0,0,0
465,ola,OFLX_GA,SD202107516,CS2021061086,S2022010589,PCS2022014255,,KR,20230202000000,JSXMLX_1,USD,7000,0,0,USD,0,0,0
466,kya,OFLX_GA,S0252,GZ2021112987,,,,US,20230202000000,JSXMLX_1,CNY,2925000,0,0,,0,0,0
467,flx,OFLX_GA,S0176,CS2021050423,,,,AU,20230202000000,JSXMLX_1,USD,20800,0,0,,0,0,0
468,mov,OFLX_GA,SD2022083006,CS2022076667,,,,HK,20230202000000,JSXMLX_1,USD,660000,0,0,,0,0,0
469,cam,OFLX_GA,S0103,CS2022076323,,,,TH,20230202000000,JSXMLX_1,USD,0,0,0,,0,0,0
470,mvt2,OFLX_GA,S0054,CS2022087122,,,,BR,20230202000000,JSXMLX_1,USD,386200,0,0,,0,0,0
471,mvt2,OFLX_GA,S0054,CS2022087122,112114,PCS2020070001,,ID,20230202000000,JSXMLX_1,USD,9900,0,0,USD,38,0,0
472,thi,OFLX_GA,SD2022052466,MMT2022034920,,,,ES,20230202000000,JSXMLX_1,USD,30000,0,0,,0,0,0
473,mvt2,OFLX_GA,S0054,CS2022087122,,,,ID,20230202000000,JSXMLX_1,USD,146700,0,0,,0,0,0
474,nsg,OFLX_GA,SD202107498,CS2021061199,219,PCL20210108596,,VN,20230202000000,JSXMLX_1,USD,0,0,0,USD,4530,0,0
475,sgd,OFLX_GA,S0073,CS2022066001,,,,TH,20230202000000,JSXMLX_1,USD,112000,0,0,,0,0,0
476,bat,OFLX_GA,SD2022062576,CS2022055559,,,,KR,20230202000000,JSXMLX_1,USD,4000,0,0,,0,0,0
477,adf,OFLX_GA,SD2022052488,CS2022055636,219,PCL20210108596,,VN,20230202000000,JSXMLX_1,USD,0,0,0,USD,93570,0,0
478,inm,OFLX_GA,S0238,CS2022118352,219,PCL20210108596,,VN,20230202000000,JSXMLX_1,USD,1342800,0,0,USD,46680,0,0
480,fgm,OFLX_GA,SD2022093377,CS2022097376,,,,US,20230202000000,JSXMLX_1,USD,40000,0,0,,0,0,0
481,pdw,OFLX_GA,S0223,CS2021081831,,,,DE,20230202000000,JSXMLX_1,USD,14000,0,0,,0,0,0
483,asm,OFLX_GA,SD202106407,CS2021060879,,,,VN,20230202000000,JSXMLX_1,USD,3000,0,0,,0,0,0
484,ckb,OFLX_GA,SD2022052489,CS2022055672,219,PCL20210108596,,VN,20230202000000,JSXMLX_1,USD,25000,0,0,USD,24810,0,0
485,max,OFLX_GA,SD2022062541,CS2022055469,,,,DE,20230202000000,JSXMLX_1,USD,140000,0,0,,0,0,0
486,asm,OFLX_GA,SD202106407,CS2021060879,,,,TW,20230202000000,JSXMLX_1,USD,3600,0,0,,0,0,0
487,omg,OFLX_GA,SD202106368,CS2022045027,219,PCL20210108596,,VN,20230202000000,JSXMLX_1,USD,0,0,0,USD,23430,0,0
488,pdw,OFLX_GA,S0223,CS2021081831,112114,PCS2020070001,,ID,20230202000000,JSXMLX_1,USD,2000,0,0,USD,8,0,0
489,cwp,OFLX_GA,SD2022062533,CS2022076265,,,,FR,20230202000000,JSXMLX_1,USD,42000,0,0,,0,0,0
490,xap,OFLX_GA,SD2022031991,CS2022034518,,,,IT,20230202000000,JSXMLX_1,USD,192000,0,0,,0,0,0
491,gdj,OFLX_GA,S0227,CS2021081829,,,,MX,20230202000000,JSXMLX_1,USD,2000,0,0,,0,0,0
492,mbm,OFLX_GA,S0150,CS2021081704,219,PCL20210108596,,RU,20230202000000,JSXMLX_1,USD,0,0,0,USD,28230,0,0
493,adm3,OFLX_GA,S0168,CS2021123159,112380,PCL20210109713,,IN,20230202000000,JSXMLX_1,USD,0,0,0,USD,140000,0,0
494,gxm,OFLX_GA,S0270,CS2022024288,,,,TH,20230202000000,JSXMLX_1,USD,48000,0,0,,0,0,0
495,mlt,OFLX_GA,S0084,CS2021112974,,,,RU,20230202000000,JSXMLX_1,USD,30400,0,0,,0,0,0
496,lit,OFLX_GA,SD202109889,CS2021092054,,,,ID,20230202000000,JSXMLX_1,USD,0,0,0,,0,0,0
497,bis,OFLX_GA,SD2022032091,CS2022034592,219,PCL20210108596,,VN,20230202000000,JSXMLX_1,USD,4800,0,0,USD,9930,0,0
498,mlt,OFLX_GA,S0084,CS2021112974,,,,US,20230202000000,JSXMLX_1,USD,28000,0,0,,0,0,0
499,cam,OFLX_GA,S0103,CS2022076323,112380,PCL20210109713,,IT,20230202000000,JSXMLX_1,USD,0,0,0,USD,300100,0,0
500,nbd3,OFLX_GA,S0222,CS2021081952,,,,IN,20230202000000,JSXMLX_1,USD,120000,0,0,,0,0,0
501,aen,OFLX_GA,S0233,CS2021081982,,,,ES,20230202000000,JSXMLX_1,USD,551600,0,0,,0,0,0
502,mvt2,OFLX_GA,S0054,CS2022087122,G103172,YMCS201709026,,CO,20230202000000,JSXMLX_1,USD,1500,0,0,USD,200,0,0
503,cle2,OFLX_GA,SD2021121366,CS2021112780,,,,GB,20230202000000,JSXMLX_1,USD,0,0,0,,0,0,0
504,dis,OFLX_GA,SD2022072774,CS2022076205,112380,PCL20210109713,,IN,20230202000000,JSXMLX_1,USD,0,0,0,USD,50100,0,0
505,mpa,OFLX_GA,SD2022062528,CS2022055462,G104636,YMCS201909004,,US,20230202000000,JSXMLX_1,USD,30000,0,0,USD,0,0,0
506,dis,OFLX_GA,SD2022072774,CS2022076205,219,PCL20210108596,,IN,20230202000000,JSXMLX_1,USD,0,0,0,USD,40920,0,0
507,laz,OFLX_GA,SD202107443,CS2022128804,109309,PCL20210108875,,MY,20230202000000,JSXMLX_1,USD,500,0,0,USD,200,0,0
508,fly,OFLX_GA,S0194,CS2021040297,G103172,YMCS201709026,,KR,20230202000000,JSXMLX_1,USD,3000,0,0,USD,300,0,0
509,gem,OFLX_GA,SD2022032070,CS2022024328,,,,TR,20230202000000,JSXMLX_1,USD,105000,0,0,,0,0,0
510,max,OFLX_GA,SD2022062541,CS2022055469,,,,IN,20230202000000,JSXMLX_1,USD,45000,0,0,,0,0,0
511,oni,OFLX_GA,SD2022083192,CS2022086816,112380,PCL20210109713,,ID,20230202000000,JSXMLX_1,USD,0,0,0,USD,24500,0,0
512,vik2,OFLX_GA,S0254,CS2021123422,112114,PCS2020070001,,KR,20230202000000,JSXMLX_1,USD,50000,0,0,USD,0,0,0
513,aha,OFLX_GA,S0257,CS2022014014,,,,ID,20230202000000,JSXMLX_1,USD,371000,0,0,,0,0,0
514,jsd,OFLX_GA,S0239,CS2021092333,,,,VN,20230202000000,JSXMLX_1,USD,455400,0,0,,0,0,0
515,mbp,OFLX_GA,SD2022062581,CS2022045249,,,,IN,20230202000000,JSXMLX_1,USD,5500,0,0,,0,0,0
516,adu,OFLX_GA,SD2022042281,CS2022034891,,,,SA,20230202000000,JSXMLX_1,USD,0,0,0,,0,0,0
518,jsd,OFLX_GA,S0239,CS2021092333,,,,IN,20230202000000,JSXMLX_1,USD,553440,0,0,,0,0,0
519,fom,OFLX_GA,SD2022062720,CS2022066024,,,,RU,20230202000000,JSXMLX_1,USD,318000,0,0,,0,0,0
520,mpo2,OFLX_GA,S0129,CS2021050426,,,,US,20230202000000,JSXMLX_1,USD,6500,0,0,,0,0,0
521,bet,OFLX_GA,SD2022062650,CS2022055435,,,,IN,20230202000000,JSXMLX_1,USD,2600,0,0,,0,0,0
522,mvt2,OFLX_GA,S0054,CS2022087122,S2021100321,PCS2021103776,,VN,20230202000000,JSXMLX_1,USD,6000,0,0,USD,3100,0,0
524,omb,OFLX_GA,SD2022052483,CS2022055467,G104636,YMCS201909004,,KR,20230202000000,JSXMLX_1,USD,13000,0,0,USD,2,0,0
526,snr,OFLX_GA,S0247,CS2021112905,,,,ID,20230202000000,JSXMLX_1,USD,10000,0,0,,0,0,0
527,aen,OFLX_GA,S0233,CS2021081982,219,PCL20210108596,,PH,20230202000000,JSXMLX_1,USD,147760,0,0,USD,157200,0,0
529,phm,OFLX_GA,S0199,CS2022045048,,,,US,20230202000000,JSXMLX_1,USD,0,0,0,,0,0,0
530,phm,OFLX_GA,S0199,CS2022045048,,,,HK,20230202000000,JSXMLX_1,USD,120000,0,0,,0,0,0
531,sed,OFLX_GA,SD2022083252,CS2022087145,,,,IN,20230202000000,JSXMLX_1,USD,216000,0,0,,0,0,0
532,nbd3,OFLX_GA,S0222,CS2021081952,,,,TH,20230202000000,JSXMLX_1,USD,0,0,0,,0,0,0
533,ntm,OFLX_GA,SD2022083249,CS2022086926,,,,IN,20230202000000,JSXMLX_1,USD,104000,0,0,,0,0,0
534,okx,OFLX_GA,SD2022083240,CS2022086971,,,,AU,20230202000000,JSXMLX_1,USD,250000,0,0,,0,0,0
535,pdw,OFLX_GA,S0223,CS2021081831,,,,PK,20230202000000,JSXMLX_1,USD,4500,0,0,,0,0,0
536,mvt2,OFLX_GA,S0054,CS2022087122,,,,BD,20230202000000,JSXMLX_1,USD,22800,0,0,,0,0,0
537,laz,OFLX_GA,SD202107443,CS2022128804,109309,PCL20210108875,,TH,20230202000000,JSXMLX_1,USD,51000,0,0,USD,25800,0,0
538,fgm,OFLX_GA,SD2022093377,CS2022097376,219,PCL20210108596,,PH,20230202000000,JSXMLX_1,USD,43763,0,0,USD,15270,0,0
539,rcm,OFLX_GA,S0095,CS2022045182,,,,ID,20230202000000,JSXMLX_1,USD,17000,0,0,,0,0,0
540,mpo2,OFLX_GA,S0129,CS2021050426,112114,PCS2020070001,,UA,20230202000000,JSXMLX_1,USD,4890,0,0,USD,3500,0,0
541,pap,OFLX_GA,SD2021121650,CS2021123197,,,,US,20230202000000,JSXMLX_1,USD,240000,0,0,,0,0,0
542,tpa,OFLX_GA,S0012,YMCS201708015,,,,AU,20230202000000,JSXMLX_1,USD,1600000,0,0,,0,0,0
543,mpo2,OFLX_GA,S0129,CS2021050426,112114,PCS2020070001,,PH,20230202000000,JSXMLX_1,USD,5850,0,0,USD,0,0,0
544,nbd3,OFLX_GA,S0222,CS2021081952,,,,SA,20230202000000,JSXMLX_1,USD,10000,0,0,,0,0,0
545,adu,OFLX_GA,SD2022042281,CS2022034891,112380,PCL20210109713,,PH,20230202000000,JSXMLX_1,USD,620100,0,0,USD,59100,0,0
546,n2ym,OFLX_GA,S0051,CS2021081797,,,,ID,20230202000000,JSXMLX_1,USD,2500,0,0,,0,0,0
547,dis,OFLX_GA,SD2022072774,CS2022076205,,,,IN,20230202000000,JSXMLX_1,USD,77900,0,0,,0,0,0
548,mld,OFLX_GA,S0186,CS2021081740,,,,GB,20230202000000,JSXMLX_1,USD,0,0,0,,0,0,0
549,mvt2,OFLX_GA,S0054,CS2022087122,S2021100321,PCS2021103776,,BD,20230202000000,JSXMLX_1,USD,3600,0,0,USD,2000,0,0
550,sou,OFLX_GA,SD2022103480,CS2022097575,,,,CA,20230202000000,JSXMLX_1,USD,0,0,0,,0,0,0
551,mld,OFLX_GA,S0186,CS2021081740,,,,DE,20230202000000,JSXMLX_1,USD,40000,0,0,,0,0,0
552,apy,OFLX_GA,SD2022072734,CS2022055691,219,PCL20210108596,,IN,20230202000000,JSXMLX_1,USD,0,0,0,USD,8070,0,0
553,fom,OFLX_GA,SD2022062720,CS2022066024,,,,TR,20230202000000,JSXMLX_1,USD,224000,0,0,,0,0,0
554,gxm,OFLX_GA,S0270,CS2022024288,112114,PCS2020070001,,RU,20230202000000,JSXMLX_1,USD,40500,0,0,USD,11870,0,0
555,aha,OFLX_GA,S0257,CS2022014014,,,,RU,20230202000000,JSXMLX_1,USD,40800,0,0,,0,0,0
556,mps,OFLX_GA,SD2022062581,CS2022045249,,,,BR,20230202000000,JSXMLX_1,USD,1440000,0,0,,0,0,0
557,mvt2,OFLX_GA,S0054,CS2022087122,G103111,YMCS201710003,,CO,20230202000000,JSXMLX_1,USD,6000,0,0,USD,0,0,0
558,cam,OFLX_GA,S0103,CS2022076323,112380,PCL20210109713,,IN,20230202000000,JSXMLX_1,USD,0,0,0,USD,88700,0,0
559,fgm,OFLX_GA,SD2022093377,CS2022097376,,,,RU,20230202000000,JSXMLX_1,USD,1160000,0,0,,0,0,0
560,afr,OFLX_GA,SD2022052512,CS2022055619,219,PCL20210108596,,IN,20230202000000,JSXMLX_1,USD,28000,0,0,USD,47070,0,0
561,fly,OFLX_GA,S0194,CS2021040297,,,,KR,20230202000000,JSXMLX_1,USD,4631300,0,0,,0,0,0
562,nsm2,OFLX_GA,S0263,CS2021102560,112114,PCS2020070001,,VN,20230202000000,JSXMLX_1,USD,25000,0,0,USD,0,0,0
563,xap,OFLX_GA,SD2022031991,CS2022034518,219,PCL20210108596,,ID,20230202000000,JSXMLX_1,USD,0,0,0,USD,5490,0,0
564,dom,OFLX_GA,S0278,CS2022024176,,,,AE,20230202000000,JSXMLX_1,USD,60000,0,0,,0,0,0
566,nsm2,OFLX_GA,S0263,CS2021102560,,,,VN,20230202000000,JSXMLX_1,USD,316000,0,0,,0,0,0
567,phm2,OFLX_GA,S0199,CS2022045048,,,,IN,20230202000000,JSXMLX_1,USD,5520,0,0,,0,0,0
568,mpa,OFLX_GA,SD2022062528,CS2022055462,,,,HK,20230202000000,JSXMLX_1,USD,63000,0,0,,0,0,0
569,pdw,OFLX_GA,S0223,CS2021081831,,,,US,20230202000000,JSXMLX_1,USD,4200,0,0,,0,0,0
570,aen,OFLX_GA,S0233,CS2021081982,219,PCL20210108596,,VN,20230202000000,JSXMLX_1,USD,38400,0,0,USD,54690,0,0
571,oem,OFLX_GA,SD202105158,CS2022034829,112380,PCL20210109713,,TH,20230202000000,JSXMLX_1,USD,0,0,0,USD,199700,0,0
572,mbm,OFLX_GA,S0150,CS2021081704,219,PCL20210108596,,VN,20230202000000,JSXMLX_1,USD,0,0,0,USD,16350,0,0
573,mps,OFLX_GA,SD2022062581,CS2022045249,219,PCL20210108596,,IN,20230202000000,JSXMLX_1,USD,0,0,0,USD,7320,0,0
574,adm3,OFLX_GA,S0168,CS2021123159,,,,PH,20230202000000,JSXMLX_1,USD,18030,0,0,,0,0,0
575,nsm2,OFLX_GA,S0263,CS2021102560,G103111,YMCS201710003,,ID,20230202000000,JSXMLX_1,USD,10500,0,0,USD,0,0,0
576,abc,OFLX_GA,SD2022031993,CS2022118388,,,,RU,20230202000000,JSXMLX_1,USD,0,0,0,,0,0,0
577,gxm,OFLX_GA,S0270,CS2022024288,G103111,YMCS201710003,,IN,20230202000000,JSXMLX_1,USD,2000,0,0,USD,0,0,0
578,cle2,OFLX_GA,SD2021121366,CS2021112780,,,,ID,20230202000000,JSXMLX_1,USD,308000,0,0,,0,0,0
579,mpa,OFLX_GA,SD2022062528,CS2022055462,,,,ID,20230202000000,JSXMLX_1,USD,241900,0,0,,0,0,0
580,occ1,OFLX_GA,S0259,CS2021123160,,,,CA,20230202000000,JSXMLX_1,USD,480000,0,0,,0,0,0
581,vik2,OFLX_GA,S0254,CS2021123422,G105025,,,KR,20230202000000,JSXMLX_1,USD,1568500,0,0,,1085595,0,0
582,fgm,OFLX_GA,SD2022093377,CS2022097376,,,,CA,20230202000000,JSXMLX_1,USD,6384000,0,0,,0,0,0
583,thi,OFLX_GA,SD2022052466,MMT2022034920,,,,BR,20230202000000,JSXMLX_1,USD,141000,0,0,,0,0,0
584,mpa,OFLX_GA,SD2022062528,CS2022055462,G103678,YMCS201809008,,HK,20230202000000,JSXMLX_1,USD,21000,0,0,USD,400,0,0
585,oni,OFLX_GA,SD2022083192,CS2022086816,,,,ID,20230202000000,JSXMLX_1,USD,0,0,0,,0,0,0
586,fil,OFLX_GA,YH202109907,GZ2021092407,,,,GB,20230202000000,JSXMLX_1,USD,2760000,0,0,,0,0,0
588,nbd3,OFLX_GA,S0222,CS2021081952,219,PCL20210108596,,ID,20230202000000,JSXMLX_1,USD,85600,0,0,USD,40740,0,0
589,fgm,OFLX_GA,SD2022093377,CS2022097376,219,PCL20210108596,,BR,20230202000000,JSXMLX_1,USD,1458060,0,0,USD,901290,0,0
590,tcp2,OFLX_GA,S0206,CS2022076611,,,,US,20230202000000,JSXMLX_1,USD,300000,0,0,,0,0,0
591,thi,OFLX_GA,SD2022052466,MMT2022034920,,,,SA,20230202000000,JSXMLX_1,USD,180000,0,0,,0,0,0
592,fom,OFLX_GA,SD2022062720,CS2022066024,219,PCL20210108596,,PH,20230202000000,JSXMLX_1,USD,40000,0,0,USD,18330,0,0
593,adf,OFLX_GA,SD2022052488,CS2022055636,,,,VN,20230202000000,JSXMLX_1,USD,5780000,0,0,,0,0,0
594,apy,OFLX_GA,SD2022072734,CS2022055691,,,,IN,20230202000000,JSXMLX_1,USD,57000,0,0,,0,0,0
595,adu,OFLX_GA,SD2022042281,CS2022034891,,,,PH,20230202000000,JSXMLX_1,USD,2517900,0,0,,0,0,0
596,top,OFLX_GA,SD202109828,CS2021081878,,,,RU,20230202000000,JSXMLX_1,USD,40000,0,0,,0,0,0
597,onn,OFLX_GA,SD202105158,CS2022034829,,,,IN,20230202000000,JSXMLX_1,USD,320000,0,0,,0,0,0
598,mpo2,OFLX_GA,S0129,CS2021050426,,,,PK,20230202000000,JSXMLX_1,USD,1500,0,0,,0,0,0
599,bis,OFLX_GA,SD2022032091,CS2022034592,,,,VN,20230202000000,JSXMLX_1,USD,19200,0,0,,0,0,0
600,flx,OFLX_GA,S0176,CS2021050423,,,,KR,20230202000000,JSXMLX_1,USD,35680,0,0,,0,0,0
602,ase,OFLX_GA,SD2022052341,CS2022055535,219,PCL20210108596,,IN,20230202000000,JSXMLX_1,USD,477200,0,0,USD,413880,0,0
603,bid,OFLX_GA,SD2022052478,CS2022055668,,,,VN,20230202000000,JSXMLX_1,USD,260029,0,0,,0,0,0
604,ckb,OFLX_GA,SD2022052489,CS2022055672,,,,VN,20230202000000,JSXMLX_1,USD,100000,0,0,,0,0,0
605,lun,OFLX_GA,SD2022021834,CS2022013763,,,,US,20230202000000,JSXMLX_1,USD,566000,0,0,,0,0,0
606,cwp,OFLX_GA,SD2022062533,CS2022076265,,,,DE,20230202000000,JSXMLX_1,USD,128000,0,0,,0,0,0
607,mvt2,OFLX_GA,S0054,CS2022087122,,,,IT,20230202000000,JSXMLX_1,USD,8000,0,0,,0,0,0
608,acb,OFLX_GA,SD2022082998,CS2022076660,,,,TH,20230202000000,JSXMLX_1,USD,5484000,0,0,,0,0,0
609,cli,OFLX_GA,SD2022062533,CS2022076265,,,,IN,20230202000000,JSXMLX_1,USD,10000,0,0,,0,0,0
610,eco,OFLX_GA,SD2022052510,CS2022055690,,,,ID,20230202000000,JSXMLX_1,USD,0,0,0,,0,0,0
611,ckb,OFLX_GA,SD2022052489,CS2022055672,,,,GB,20230202000000,JSXMLX_1,USD,0,0,0,,0,0,0
612,lit,OFLX_GA,SD202109889,CS2021092054,,,,AU,20230202000000,JSXMLX_1,USD,0,0,0,,0,0,0
613,rcm,OFLX_GA,S0095,CS2022045182,G105214,PGZ2020070007,,ID,20230202000000,JSXMLX_1,USD,8500,0,0,CNY,5200,0,0
614,okx,OFLX_GA,SD2022083240,CS2022086971,,,,JP,20230202000000,JSXMLX_1,USD,0,0,0,,0,0,0
615,phm2,OFLX_GA,S0199,CS2022045048,,,,NG,20230202000000,JSXMLX_1,USD,6000,0,0,,0,0,0
616,dom,OFLX_GA,S0278,CS2022024176,,,,BR,20230202000000,JSXMLX_1,USD,720000,0,0,,0,0,0
617,nsm2,OFLX_GA,S0263,CS2021102560,,,,PH,20230202000000,JSXMLX_1,USD,20000,0,0,,0,0,0
618,icw,OFLX_GA,SD2022072778,CS2022086784,,,,IN,20230202000000,JSXMLX_1,USD,6500,0,0,,0,0,0
619,con,OFLX_GA,S0275,CS2022024177,,,,TH,20230202000000,JSXMLX_1,USD,2000,0,0,,0,0,0
620,bat,OFLX_GA,SD2022062576,CS2022055559,,,,US,20230202000000,JSXMLX_1,USD,28000,0,0,,0,0,0
621,mlt,OFLX_GA,S0084,CS2021112974,,,,MX,20230202000000,JSXMLX_1,USD,168000,0,0,,0,0,0
622,oem,OFLX_GA,SD202105158,CS2022034829,,,,IN,20230202000000,JSXMLX_1,USD,0,0,0,,0,0,0
623,nsg,OFLX_GA,SD202107498,CS2021061199,,,,IN,20230202000000,JSXMLX_1,USD,19840,0,0,,0,0,0
624,pdw,OFLX_GA,S0223,CS2021081831,,,,ID,20230202000000,JSXMLX_1,USD,299500,0,0,,0,0,0
625,gxm,OFLX_GA,S0270,CS2022024288,112114,PCS2020070001,,ID,20230202000000,JSXMLX_1,USD,72500,0,0,USD,11862,0,0
626,ase,OFLX_GA,SD2022052341,CS2022055535,,,,PH,20230202000000,JSXMLX_1,USD,311040,0,0,,0,0,0
627,tec3,OFLX_GA,S0150,CS2021081704,219,PCL20210108596,,ID,20230202000000,JSXMLX_1,USD,33600,0,0,USD,92190,0,0
628,kai,OFLX_GA,SD2022083206,CS2022087087,,,,AU,20230202000000,JSXMLX_1,USD,0,0,0,,0,0,0
629,mov,OFLX_GA,SD2022083006,CS2022076667,,,,VN,20230202000000,JSXMLX_1,USD,57000,0,0,,0,0,0
630,pdw,OFLX_GA,S0223,CS2021081831,G105214,PGZ2020070007,,JP,20230202000000,JSXMLX_1,USD,54000,0,0,CNY,286494,0,0
631,vik3,OFLX_GA,S0254,CS2021123422,G105025,,,KR,20230202000000,JSXMLX_1,USD,36200,0,0,,35520,0,0
632,jsd,OFLX_GA,S0239,CS2021092333,112380,PCL20210109713,,RU,20230202000000,JSXMLX_1,USD,792000,0,0,USD,669200,0,0
633,tcp2,OFLX_GA,S0206,CS2022076611,,,,RU,20230202000000,JSXMLX_1,USD,60000,0,0,,0,0,0
634,kai,OFLX_GA,SD2022083206,CS2022087087,219,PCL20210108596,,ID,20230202000000,JSXMLX_1,USD,40000,0,0,USD,9030,0,0
635,mvt2,OFLX_GA,S0054,CS2022087122,G103172,YMCS201709026,,MX,20230202000000,JSXMLX_1,USD,3000,0,0,USD,400,0,0
636,n2ym,OFLX_GA,S0051,CS2021081797,,,,TH,20230202000000,JSXMLX_1,USD,7400,0,0,,0,0,0
637,mpo2,OFLX_GA,S0129,CS2021050426,112114,PCS2020070001,,RU,20230202000000,JSXMLX_1,USD,11050,0,0,USD,2019,0,0
638,tve,OFLX_GA,SD2022062643,CS2022055638,219,PCL20210108596,,IN,20230202000000,JSXMLX_1,USD,221000,0,0,USD,140850,0,0
639,rcm,OFLX_GA,S0095,CS2022045182,G103678,YMCS201809008,,SG,20230202000000,JSXMLX_1,USD,25500,0,0,USD,0,0,0
640,mvt2,OFLX_GA,S0054,CS2022087122,,,,AU,20230202000000,JSXMLX_1,USD,88300,0,0,,0,0,0
641,fil,OFLX_GA,YH202109907,GZ2021092407,,,,VN,20230202000000,JSXMLX_1,USD,17600,0,0,,0,0,0
642,mvt2,OFLX_GA,S0054,CS2022087122,112114,PCS2020070001,,SG,20230202000000,JSXMLX_1,USD,1500,0,0,USD,0,0,0
643,vik3,OFLX_GA,S0254,CS2021123422,,,,KR,20230202000000,JSXMLX_1,USD,66000,0,0,,0,0,0
644,mpa,OFLX_GA,SD2022062528,CS2022055462,112114,PCS2020070001,,ID,20230202000000,JSXMLX_1,USD,28200,0,0,USD,2613,0,0
645,gxm,OFLX_GA,S0270,CS2022024288,S2021100321,PCS2021103776,,IN,20230202000000,JSXMLX_1,USD,3600,0,0,USD,1600,0,0
646,flb,OFLX_GA,S0194,CS2021040297,G105025,,,KR,20230202000000,JSXMLX_1,USD,1911000,0,0,,1190878,0,0
647,axp,OFLX_GA,SD2022062630,CS2022065883,112380,PCL20210109713,,SA,20230202000000,JSXMLX_1,USD,16000,0,0,USD,200000,0,0
648,mbv,OFLX_GA,SD2022052492,CS2022055499,219,PCL20210108596,,IN,20230202000000,JSXMLX_1,USD,72000,0,0,USD,87270,0,0
649,mvt2,OFLX_GA,S0054,CS2022087122,,,,IN,20230202000000,JSXMLX_1,USD,105800,0,0,,0,0,0
650,dom,OFLX_GA,S0278,CS2022024176,,,,FR,20230202000000,JSXMLX_1,USD,0,0,0,,0,0,0
651,rcm,OFLX_GA,S0095,CS2022045182,G105214,PGZ2020070007,,MY,20230202000000,JSXMLX_1,USD,2000,0,0,CNY,30589,0,0
652,fgm,OFLX_GA,SD2022093377,CS2022097376,,,,PH,20230202000000,JSXMLX_1,USD,586900,0,0,,0,0,0
653,mpa,OFLX_GA,SD2022062528,CS2022055462,,,,DE,20230202000000,JSXMLX_1,USD,3000,0,0,,0,0,0
654,nbd3,OFLX_GA,S0222,CS2021081952,,,,ID,20230202000000,JSXMLX_1,USD,518400,0,0,,0,0,0
655,occ1,OFLX_GA,S0259,CS2021123160,,,,TR,20230202000000,JSXMLX_1,USD,4000,0,0,,0,0,0
656,lit,OFLX_GA,SD202109889,CS2021092054,,,,IN,20230202000000,JSXMLX_1,USD,147600,0,0,,0,0,0
658,aen,OFLX_GA,S0233,CS2021081982,219,PCL20210108596,,IN,20230202000000,JSXMLX_1,USD,1933600,0,0,USD,1060290,0,0
659,bat,OFLX_GA,SD2022062576,CS2022055559,,,,MX,20230202000000,JSXMLX_1,USD,10000,0,0,,0,0,0
660,fom,OFLX_GA,SD2022062720,CS2022066024,,,,PH,20230202000000,JSXMLX_1,USD,280000,0,0,,0,0,0
661,mbv,OFLX_GA,SD2022052492,CS2022055499,,,,IN,20230202000000,JSXMLX_1,USD,348000,0,0,,0,0,0
662,mps,OFLX_GA,SD2022062581,CS2022045249,,,,CA,20230202000000,JSXMLX_1,USD,1080000,0,0,,0,0,0
663,mpa,OFLX_GA,SD2022062528,CS2022055462,G104016,P-CS-2019127194,,ID,20230202000000,JSXMLX_1,USD,7600,0,0,USD,281754,0,0
664,che,OFLX_GA,SD2022062556,CS2022055459,,,,PH,20230202000000,JSXMLX_1,USD,70000,0,0,,0,0,0
665,vik2,OFLX_GA,S0254,CS2021123422,G105214,PGZ2020070007,,KR,20230202000000,JSXMLX_1,USD,30000,0,0,CNY,104507,0,0
666,jsd,OFLX_GA,S0239,CS2021092333,,,,GB,20230202000000,JSXMLX_1,USD,0,0,0,,0,0,0
667,cwp,OFLX_GA,SD2022062533,CS2022076265,,,,HK,20230202000000,JSXMLX_1,USD,1426000,0,0,,0,0,0
668,fil,OFLX_GA,YH202109907,GZ2021092407,219,PCL20210108596,,IN,20230202000000,JSXMLX_1,USD,0,0,0,USD,56670,0,0
669,omb,OFLX_GA,SD2022052483,CS2022055467,112380,PCL20210109713,,BR,20230202000000,JSXMLX_1,USD,300000,0,0,USD,30000,0,0
670,cec,OFLX_GA,SD202109830,CS2021092134,,,,VN,20230202000000,JSXMLX_1,USD,80000,0,0,,0,0,0
671,sgd,OFLX_GA,S0073,CS2022066001,G104636,YMCS201909004,,TW,20230202000000,JSXMLX_1,USD,5390,0,0,USD,0,0,0
672,mel2,OFLX_GA,S0186,CS2021081740,,,,PH,20230202000000,JSXMLX_1,USD,12400,0,0,,0,0,0
673,cro1,OFLX_GA,SD202108757,CS2021081847,,,,IN,20230202000000,JSXMLX_1,USD,0,0,0,,0,0,0
674,mpo2,OFLX_GA,S0129,CS2021050426,G103111,YMCS201710003,,TR,20230202000000,JSXMLX_1,USD,2080,0,0,USD,0,0,0
675,aen,OFLX_GA,S0233,CS2021081982,219,PCL20210108596,,US,20230202000000,JSXMLX_1,USD,0,0,0,USD,6450,0,0
676,gdj,OFLX_GA,S0227,CS2021081829,219,PCL20210108596,,TR,20230202000000,JSXMLX_1,USD,110000,0,0,USD,3300,0,0
677,gxm,OFLX_GA,S0270,CS2022024288,,,,TR,20230202000000,JSXMLX_1,USD,10080,0,0,,0,0,0
678,fgm,OFLX_GA,SD2022093377,CS2022097376,,,,BR,20230202000000,JSXMLX_1,USD,6308740,0,0,,0,0,0
679,mlt,OFLX_GA,S0084,CS2021112974,,,,VN,20230202000000,JSXMLX_1,USD,531300,0,0,,0,0,0
680,sed,OFLX_GA,SD2022083252,CS2022087145,112380,PCL20210109713,,IN,20230202000000,JSXMLX_1,USD,6000,0,0,USD,651200,0,0
681,sed,OFLX_GA,SD2022083252,CS2022087145,219,PCL20210108596,,IN,20230202000000,JSXMLX_1,USD,48000,0,0,USD,310890,0,0
682,mpo2,OFLX_GA,S0129,CS2021050426,112114,PCS2020070001,,PL,20230202000000,JSXMLX_1,USD,4540,0,0,USD,0,0,0
683,fil,OFLX_GA,YH202109907,GZ2021092407,,,,FR,20230202000000,JSXMLX_1,USD,0,0,0,,0,0,0
684,mvt2,OFLX_GA,S0054,CS2022087122,,,,JP,20230202000000,JSXMLX_1,USD,20000,0,0,,0,0,0
685,gem,OFLX_GA,SD2022032070,CS2022024328,,,,SA,20230202000000,JSXMLX_1,USD,45000,0,0,,0,0,0
686,mps,OFLX_GA,SD2022062581,CS2022045249,,,,RU,20230202000000,JSXMLX_1,USD,2248000,0,0,,0,0,0
687,mel2,OFLX_GA,S0186,CS2021081740,G103678,YMCS201809008,,TW,20230202000000,JSXMLX_1,USD,5040,0,0,USD,121,0,0
688,flb,OFLX_GA,S0194,CS2021040297,G103111,YMCS201710003,,KR,20230202000000,JSXMLX_1,USD,29500,0,0,USD,0,0,0
689,vik2,OFLX_GA,S0254,CS2021123422,,,,KR,20230202000000,JSXMLX_1,USD,4754400,0,0,,0,0,0
690,gxm,OFLX_GA,S0270,CS2022024288,S2021040105,PCS2021040109,,IN,20230202000000,JSXMLX_1,USD,1200,0,0,USD,0,0,0
691,mov,OFLX_GA,SD2022083006,CS2022076667,,,,TW,20230202000000,JSXMLX_1,USD,719000,0,0,,0,0,0
692,mpo2,OFLX_GA,S0129,CS2021050426,,,,RU,20230202000000,JSXMLX_1,USD,14950,0,0,,0,0,0
693,mpa,OFLX_GA,SD2022062528,CS2022055462,112114,PCS2020070001,,VN,20230202000000,JSXMLX_1,USD,8200,0,0,USD,237,0,0
694,rsp,OFLX_GA,SD2022083008,CS2022086692,,,,VN,20230202000000,JSXMLX_1,USD,0,0,0,,0,0,0
695,ym,OFLX_GA,S0051,CS2021081797,112114,PCS2020070001,,PH,20230202000000,JSXMLX_1,USD,4000,0,0,USD,0,0,0
696,mar,OFLX_GA,SD2021121352,CS2021113033,,,,DE,20230202000000,JSXMLX_1,USD,0,0,0,,0,0,0
697,zon,OFLX_GA,SD2022083163,CS2022086857,,,,VN,20230202000000,JSXMLX_1,USD,9600,0,0,,0,0,0
698,Aur,OFLX_GA,S0258,CS2021123440,G103678,YMCS201809008,,TW,20230202000000,JSXMLX_1,USD,20000,0,0,USD,0,0,0
699,tic,OFLX_GA,SD2022082989,CS2022086909,112380,PCL20210109713,,IN,20230202000000,JSXMLX_1,USD,7200,0,0,USD,52900,0,0
700,tic,OFLX_GA,SD2022082989,CS2022086909,,,,US,20230202000000,JSXMLX_1,USD,0,0,0,,0,0,0
701,jsd,OFLX_GA,S0239,CS2021092333,,,,SA,20230202000000,JSXMLX_1,USD,20000,0,0,,0,0,0
702,tic,OFLX_GA,SD2022082989,CS2022086909,219,PCL20210108596,,IN,20230202000000,JSXMLX_1,USD,112000,0,0,USD,126000,0,0
703,ago,OFLX_GA,S0264,CS2021020008,,,,SA,20230202000000,JSXMLX_1,USD,110000,0,0,,0,0,0
704,mld,OFLX_GA,S0186,CS2021081740,,,,MY,20230202000000,JSXMLX_1,USD,60000,0,0,,0,0,0
705,mvt2,OFLX_GA,S0054,CS2022087122,G103111,YMCS201710003,,US,20230202000000,JSXMLX_1,USD,8000,0,0,USD,0,0,0
706,aen,OFLX_GA,S0233,CS2021081982,,,,KR,20230202000000,JSXMLX_1,USD,140000,0,0,,0,0,0
707,cam,OFLX_GA,S0103,CS2022076323,112380,PCL20210109713,,DE,20230202000000,JSXMLX_1,USD,160000,0,0,USD,600900,0,0
708,gxm,OFLX_GA,S0270,CS2022024288,S2021080273,PCS2021083691,,IN,20230202000000,JSXMLX_1,USD,1200,0,0,USD,0,0,0
709,adu,OFLX_GA,SD2022042281,CS2022034891,219,PCL20210108596,,ID,20230202000000,JSXMLX_1,USD,0,0,0,USD,23300,0,0
710,tta,OFLX_GA,SD2022082985,CS2022076390,219,PCL20210108596,,RU,20230202000000,JSXMLX_1,USD,57600,0,0,USD,56040,0,0
711,occ1,OFLX_GA,S0259,CS2021123160,,,,HK,20230202000000,JSXMLX_1,USD,44000,0,0,,0,0,0
712,amg,OFLX_GA,SD2022011693,CS2022013747,,,,RU,20230202000000,JSXMLX_1,USD,1550000,0,0,,0,0,0
713,ola,OFLX_GA,SD202107516,CS2021061086,G105025,,,KR,20230202000000,JSXMLX_1,USD,52000,0,0,,28456,0,0
714,sgd,OFLX_GA,S0073,CS2022066001,G105259,P-CS-20200828448,,TW,20230202000000,JSXMLX_1,USD,6300,0,0,USD,3300,0,0
715,omb,OFLX_GA,SD2022052483,CS2022055467,,,,HK,20230202000000,JSXMLX_1,USD,140000,0,0,,0,0,0
716,eco,OFLX_GA,SD2022052510,CS2022055690,219,PCL20210108596,,US,20230202000000,JSXMLX_1,USD,0,0,0,USD,15360,0,0
717,occ1,OFLX_GA,S0259,CS2021123160,,,,ID,20230202000000,JSXMLX_1,USD,1010500,0,0,,0,0,0
718,pdw,OFLX_GA,S0223,CS2021081831,G105000,YMCS201709035,,IN,20230202000000,JSXMLX_1,USD,4800,0,0,USD,900,0,0
719,lit,OFLX_GA,SD202109889,CS2021092054,,,,AE,20230202000000,JSXMLX_1,USD,2320000,0,0,,0,0,0
720,mvt2,OFLX_GA,S0054,CS2022087122,G105214,PGZ2020070007,,CO,20230202000000,JSXMLX_1,USD,4500,0,0,CNY,87750,0,0
721,mvt2,OFLX_GA,S0054,CS2022087122,,,,MY,20230202000000,JSXMLX_1,USD,30100,0,0,,0,0,0
722,sgd,OFLX_GA,S0073,CS2022066001,G104636,YMCS201909004,,GB,20230202000000,JSXMLX_1,USD,2100,0,0,USD,0,0,0
723,sgd,OFLX_GA,S0073,CS2022066001,,,,KR,20230202000000,JSXMLX_1,USD,11900,0,0,,0,0,0
724,vik2,OFLX_GA,S0254,CS2021123422,G104636,YMCS201909004,,KR,20230202000000,JSXMLX_1,USD,368500,0,0,USD,42,0,0
725,fom,OFLX_GA,SD2022062720,CS2022066024,,,,BR,20230202000000,JSXMLX_1,USD,0,0,0,,0,0,0
726,con,OFLX_GA,S0275,CS2022024177,,,,BR,20230202000000,JSXMLX_1,USD,50000,0,0,,0,0,0
727,mvt2,OFLX_GA,S0054,CS2022087122,G105025,,,US,20230202000000,JSXMLX_1,USD,9000,0,0,,6500,0,0
728,con,OFLX_GA,S0275,CS2022024177,,,,AU,20230202000000,JSXMLX_1,USD,0,0,0,,0,0,0
729,axp,OFLX_GA,SD2022062630,CS2022065883,,,,SA,20230202000000,JSXMLX_1,USD,64000,0,0,,0,0,0
730,pap,OFLX_GA,SD2021121650,CS2021123197,,,,MX,20230202000000,JSXMLX_1,USD,252000,0,0,,0,0,0
731,inm2,OFLX_GA,S0238,CS2022118352,,,,US,20230202000000,JSXMLX_1,USD,800000,0,0,,0,0,0
733,phm2,OFLX_GA,S0199,CS2022045048,,,,BD,20230202000000,JSXMLX_1,USD,6000,0,0,,0,0,0
734,pie,OFLX_GA,SD2022082988,CS2022076295,,,,MX,20230202000000,JSXMLX_1,USD,2035600,0,0,,0,0,0
735,fom,OFLX_GA,SD2022062720,CS2022066024,,,,SA,20230202000000,JSXMLX_1,USD,0,0,0,,0,0,0
736,mvt2,OFLX_GA,S0054,CS2022087122,112114,PCS2020070001,,DE,20230202000000,JSXMLX_1,USD,1500,0,0,USD,0,0,0
737,dot14,OFLX_GA,SD2022062644,CS2022055494,,,,IN,20230202000000,JSXMLX_1,USD,240400,0,0,,0,0,0
738,gxm,OFLX_GA,S0270,CS2022024288,,,,PH,20230202000000,JSXMLX_1,USD,68000,0,0,,0,0,0
739,occ1,OFLX_GA,S0259,CS2021123160,,,,TW,20230202000000,JSXMLX_1,USD,574000,0,0,,0,0,0
740,flb,OFLX_GA,S0194,CS2021040297,G104636,YMCS201909004,,KR,20230202000000,JSXMLX_1,USD,140000,0,0,USD,25,0,0
741,lit,OFLX_GA,SD202109889,CS2021092054,,,,HK,20230202000000,JSXMLX_1,USD,0,0,0,,0,0,0
742,asm,OFLX_GA,SD202106407,CS2021060879,,,,BR,20230202000000,JSXMLX_1,USD,66700,0,0,,0,0,0
743,lit,OFLX_GA,SD202109889,CS2021092054,219,PCL20210108596,,VN,20230202000000,JSXMLX_1,USD,110000,0,0,USD,54390,0,0
744,fom,OFLX_GA,SD2022062720,CS2022066024,219,PCL20210108596,,IN,20230202000000,JSXMLX_1,USD,16000,0,0,USD,30150,0,0
745,laz,OFLX_GA,SD202107443,CS2022128804,nan,,,PH,20230202000000,JSXMLX_1,USD,0,0,0,,0,0,0
746,axp,OFLX_GA,SD2022062630,CS2022065883,112380,PCL20210109713,,IN,20230202000000,JSXMLX_1,USD,0,0,0,USD,29400,0,0
747,pap,OFLX_GA,SD2021121650,CS2021123197,,,,NG,20230202000000,JSXMLX_1,USD,240000,0,0,,0,0,0
748,jsd,OFLX_GA,S0239,CS2021092333,219,PCL20210108596,,BR,20230202000000,JSXMLX_1,USD,1350000,0,0,USD,613980,0,0
749,mpa,OFLX_GA,SD2022062528,CS2022055462,,,,VN,20230202000000,JSXMLX_1,USD,49650,0,0,,0,0,0
750,mvt2,OFLX_GA,S0054,CS2022087122,,,,SG,20230202000000,JSXMLX_1,USD,6000,0,0,,0,0,0
751,adm3,OFLX_GA,S0168,CS2021123159,219,PCL20210108596,,IN,20230202000000,JSXMLX_1,USD,0,0,0,USD,30,0,0
752,adm3,OFLX_GA,S0168,CS2021123159,112114,PCS2020070001,,PH,20230202000000,JSXMLX_1,USD,1700,0,0,USD,0,0,0
753,jsd,OFLX_GA,S0239,CS2021092333,,,,ID,20230202000000,JSXMLX_1,USD,124000,0,0,,0,0,0
754,aen,OFLX_GA,S0233,CS2021081982,,,,PH,20230202000000,JSXMLX_1,USD,785040,0,0,,0,0,0
755,asm,OFLX_GA,SD202106407,CS2021060879,,,,PH,20230202000000,JSXMLX_1,USD,52000,0,0,,0,0,0
756,rcm,OFLX_GA,S0095,CS2022045182,G105025,,,KR,20230202000000,JSXMLX_1,USD,2000,0,0,,440,0,0
757,ttt,OFLX_GA,SD2022082985,CS2022076390,,,,SA,20230202000000,JSXMLX_1,USD,825000,0,0,,0,0,0
758,kpm,OFLX_GA,SD2021111173,CS2021102593,,,,GB,20230202000000,JSXMLX_1,USD,0,0,0,,0,0,0
759,mel2,OFLX_GA,S0186,CS2021081740,G105025,,,KR,20230202000000,JSXMLX_1,USD,8400,0,0,,3256,0,0
760,ago,OFLX_GA,S0264,CS2021020008,,,,IT,20230202000000,JSXMLX_1,USD,0,0,0,,0,0,0
761,nsm2,OFLX_GA,S0263,CS2021102560,G105214,PGZ2020070007,,MX,20230202000000,JSXMLX_1,USD,25000,0,0,CNY,33910,0,0
762,adc,OFLX_GA,SD2022031939,CS2022024415,,,,IN,20230202000000,JSXMLX_1,USD,0,0,0,,0,0,0
763,cam,OFLX_GA,S0103,CS2022076323,,,,PH,20230202000000,JSXMLX_1,USD,758700,0,0,,0,0,0
764,gxm,OFLX_GA,S0270,CS2022024288,S2022010598,PCS2022014287,,IN,20230202000000,JSXMLX_1,USD,2000,0,0,USD,1300,0,0
765,ago,OFLX_GA,S0264,CS2021020008,,,,RU,20230202000000,JSXMLX_1,USD,616000,0,0,,0,0,0
766,mvt2,OFLX_GA,S0054,CS2022087122,,,,AE,20230202000000,JSXMLX_1,USD,61000,0,0,,0,0,0
767,jsd,OFLX_GA,S0239,CS2021092333,,,,RU,20230202000000,JSXMLX_1,USD,20436100,0,0,,0,0,0
768,pdw,OFLX_GA,S0223,CS2021081831,,,,MY,20230202000000,JSXMLX_1,USD,11800,0,0,,0,0,0
769,rcm,OFLX_GA,S0095,CS2022045182,G105214,PGZ2020070007,,VN,20230202000000,JSXMLX_1,USD,13000,0,0,CNY,13000,0,0
770,tur,OFLX_GA,SD2022031928,CS2022024344,,,,KR,20230202000000,JSXMLX_1,USD,15500,0,0,,0,0,0
771,sed,OFLX_GA,SD2022083252,CS2022087145,,,,ID,20230202000000,JSXMLX_1,USD,840000,0,0,,0,0,0
772,rcm,OFLX_GA,S0095,CS2022045182,G105214,PGZ2020070007,,SG,20230202000000,JSXMLX_1,USD,8500,0,0,CNY,5200,0,0
773,cro1,OFLX_GA,SD202108757,CS2021081847,219,PCL20210108596,,RU,20230202000000,JSXMLX_1,USD,151500,0,0,USD,28890,0,0
774,laz,OFLX_GA,SD202107443,CS2022128804,nan,,,VN,20230202000000,JSXMLX_1,USD,0,0,0,,0,0,0
775,lit,OFLX_GA,SD202109889,CS2021092054,219,PCL20210108596,,PH,20230202000000,JSXMLX_1,USD,65280,0,0,USD,39120,0,0
776,tic,OFLX_GA,SD2022082989,CS2022086909,,,,IT,20230202000000,JSXMLX_1,USD,0,0,0,,0,0,0
777,pdw,OFLX_GA,S0223,CS2021081831,G104636,YMCS201909004,,ID,20230202000000,JSXMLX_1,USD,1400,0,0,USD,0,0,0
778,ase,OFLX_GA,SD2022052341,CS2022055535,219,PCL20210108596,,PH,20230202000000,JSXMLX_1,USD,77760,0,0,USD,64350,0,0
779,mvt2,OFLX_GA,S0054,CS2022087122,112114,PCS2020070001,,MY,20230202000000,JSXMLX_1,USD,9000,0,0,USD,0,0,0
780,oem,OFLX_GA,SD202105158,CS2022034829,,,,ID,20230202000000,JSXMLX_1,USD,0,0,0,,0,0,0
781,sgd,OFLX_GA,S0073,CS2022066001,,,,PH,20230202000000,JSXMLX_1,USD,61720,0,0,,0,0,0
782,rcm,OFLX_GA,S0095,CS2022045182,,,,VN,20230202000000,JSXMLX_1,USD,156000,0,0,,0,0,0
783,mpa,OFLX_GA,SD2022062528,CS2022055462,,,,TW,20230202000000,JSXMLX_1,USD,15000,0,0,,0,0,0
784,flx,OFLX_GA,S0176,CS2021050423,,,,TH,20230202000000,JSXMLX_1,USD,2000,0,0,,0,0,0
785,eco,OFLX_GA,SD2022052510,CS2022055690,,,,IN,20230202000000,JSXMLX_1,USD,123200,0,0,,0,0,0
786,mar,OFLX_GA,SD2021121352,CS2021113033,,,,GB,20230202000000,JSXMLX_1,USD,0,0,0,,0,0,0
787,mpa,OFLX_GA,SD2022062528,CS2022055462,112114,PCS2020070001,,PH,20230202000000,JSXMLX_1,USD,12700,0,0,USD,0,0,0
788,okx,OFLX_GA,SD2022083240,CS2022086971,,,,TR,20230202000000,JSXMLX_1,USD,240000,0,0,,0,0,0
789,cam,OFLX_GA,S0103,CS2022076323,,,,BR,20230202000000,JSXMLX_1,USD,18000,0,0,,0,0,0
790,mbm,OFLX_GA,S0150,CS2021081704,,,,US,20230202000000,JSXMLX_1,USD,2565000,0,0,,0,0,0
791,mpa,OFLX_GA,SD2022062528,CS2022055462,,,,TH,20230202000000,JSXMLX_1,USD,6500,0,0,,0,0,0
792,lit,OFLX_GA,SD202109889,CS2021092054,112380,PCL20210109713,,AE,20230202000000,JSXMLX_1,USD,580000,0,0,USD,200100,0,0
793,sgd,OFLX_GA,S0073,CS2022066001,,,,JP,20230202000000,JSXMLX_1,USD,52080,0,0,,0,0,0
795,lea,OFLX_GA,SD2022031940,CS2022024265,,,,RU,20230202000000,JSXMLX_1,USD,180000,0,0,,0,0,0
796,sgd,OFLX_GA,S0073,CS2022066001,,,,BR,20230202000000,JSXMLX_1,USD,28350,0,0,,0,0,0
797,con,OFLX_GA,S0275,CS2022024177,,,,KR,20230202000000,JSXMLX_1,USD,150000,0,0,,0,0,0
798,alg,OFLX_GA,S0084,CS2021112974,,,,GB,20230202000000,JSXMLX_1,USD,0,0,0,,0,0,0
799,gdj,OFLX_GA,S0227,CS2021081829,,,,IN,20230202000000,JSXMLX_1,USD,6000,0,0,,0,0,0
800,mpo2,OFLX_GA,S0129,CS2021050426,109309,PCL20210108875,,TH,20230202000000,JSXMLX_1,USD,1240,0,0,USD,0,0,0
801,mvt2,OFLX_GA,S0054,CS2022087122,G105274,P-CS-20200929158,,CO,20230202000000,JSXMLX_1,USD,1500,0,0,USD,0,0,0
802,rcm,OFLX_GA,S0095,CS2022045182,,,,MY,20230202000000,JSXMLX_1,USD,22000,0,0,,0,0,0
803,pdw,OFLX_GA,S0223,CS2021081831,,,,IN,20230202000000,JSXMLX_1,USD,149600,0,0,,0,0,0
804,ym,OFLX_GA,S0051,CS2021081797,,,,PH,20230202000000,JSXMLX_1,USD,40000,0,0,,0,0,0
805,mld,OFLX_GA,S0186,CS2021081740,219,PCL20210108596,,GB,20230202000000,JSXMLX_1,USD,0,0,0,USD,15360,0,0
806,mvt2,OFLX_GA,S0054,CS2022087122,,,,TH,20230202000000,JSXMLX_1,USD,28600,0,0,,0,0,0
807,azn,OFLX_GA,SD2022083243,CS2022087137,,,,IN,20230202000000,JSXMLX_1,USD,144000,0,0,,0,0,0
808,mox,OFLX_GA,SD202109930,CS2021092183,,,,RU,20230202000000,JSXMLX_1,USD,365680,0,0,,0,0,0
809,bat,OFLX_GA,SD2022062576,CS2022055559,,,,BR,20230202000000,JSXMLX_1,USD,72500,0,0,,0,0,0
810,lit,OFLX_GA,SD202109889,CS2021092054,,,,US,20230202000000,JSXMLX_1,USD,1120000,0,0,,0,0,0
811,Aur,OFLX_GA,S0258,CS2021123440,G105214,PGZ2020070007,,TW,20230202000000,JSXMLX_1,USD,30000,0,0,CNY,144943,0,0
812,gxm,OFLX_GA,S0270,CS2022024288,,,,BR,20230202000000,JSXMLX_1,USD,6000,0,0,,0,0,0
813,pdw,OFLX_GA,S0223,CS2021081831,,,,VN,20230202000000,JSXMLX_1,USD,81000,0,0,,0,0,0
814,flx,OFLX_GA,S0176,CS2021050423,112114,PCS2020070001,,RU,20230202000000,JSXMLX_1,USD,3360,0,0,USD,25,0,0
815,n2ym,OFLX_GA,S0051,CS2021081797,,,,AU,20230202000000,JSXMLX_1,USD,21000,0,0,,0,0,0
816,tur,OFLX_GA,SD2022031928,CS2022024344,,,,RU,20230202000000,JSXMLX_1,USD,2200,0,0,,0,0,0
817,acb,OFLX_GA,SD2022082998,CS2022076660,,,,ID,20230202000000,JSXMLX_1,USD,3339000,0,0,,0,0,0
818,okx,OFLX_GA,SD2022083240,CS2022086971,,,,RU,20230202000000,JSXMLX_1,USD,490000,0,0,,0,0,0
819,n2ym,OFLX_GA,S0051,CS2021081797,,,,IN,20230202000000,JSXMLX_1,USD,33100,0,0,,0,0,0
820,mpo2,OFLX_GA,S0129,CS2021050426,G103111,YMCS201710003,,PH,20230202000000,JSXMLX_1,USD,1300,0,0,USD,0,0,0
821,fly,OFLX_GA,S0194,CS2021040297,G105214,PGZ2020070007,,KR,20230202000000,JSXMLX_1,USD,46500,0,0,CNY,161993,0,0
822,azn,OFLX_GA,SD2022083243,CS2022087137,219,PCL20210108596,,IN,20230202000000,JSXMLX_1,USD,36000,0,0,USD,247080,0,0
823,oni,OFLX_GA,SD2022083192,CS2022086816,,,,IN,20230202000000,JSXMLX_1,USD,6800,0,0,,0,0,0
824,adm3,OFLX_GA,S0168,CS2021123159,,,,KR,20230202000000,JSXMLX_1,USD,23800,0,0,,0,0,0
825,mpa,OFLX_GA,SD2022062528,CS2022055462,,,,IN,20230202000000,JSXMLX_1,USD,106300,0,0,,0,0,0
826,aen,OFLX_GA,S0233,CS2021081982,,,,BR,20230202000000,JSXMLX_1,USD,4718600,0,0,,0,0,0
827,aen,OFLX_GA,S0233,CS2021081982,,,,AU,20230202000000,JSXMLX_1,USD,1200000,0,0,,0,0,0
